query,case,seed,run_idx,runtime_seconds,Join1-probe,Join1-build,Join1-build_rows,Join1-instantiated,Join1-state,Join1-total_probes,Join1-probes_at_freeze,Join1-freeze_reason,Join1-probes_at_abandon,Join1-abandon_reason,Join1-inserts,Join1-u1,Join2-probe,Join2-build,Join2-build_rows,Join2-instantiated,Join2-state,Join2-total_probes,Join2-probes_at_freeze,Join2-freeze_reason,Join2-probes_at_abandon,Join2-abandon_reason,Join2-inserts,Join2-u1,Join3-probe,Join3-build,Join3-build_rows,Join3-instantiated,Join3-state,Join3-total_probes,Join3-probes_at_freeze,Join3-freeze_reason,Join3-probes_at_abandon,Join3-abandon_reason,Join3-inserts,Join3-u1,Join4-probe,Join4-build,Join4-build_rows,Join4-instantiated,Join4-state,Join4-total_probes,Join4-probes_at_freeze,Join4-freeze_reason,Join4-probes_at_abandon,Join4-abandon_reason,Join4-inserts,Join4-u1,Join5-probe,Join5-build,Join5-build_rows,Join5-instantiated,Join5-state,Join5-total_probes,Join5-probes_at_freeze,Join5-freeze_reason,Join5-probes_at_abandon,Join5-abandon_reason,Join5-inserts,Join5-u1,Join6-probe,Join6-build,Join6-build_rows,Join6-instantiated,Join6-state,Join6-total_probes,Join6-probes_at_freeze,Join6-freeze_reason,Join6-probes_at_abandon,Join6-abandon_reason,Join6-inserts,Join6-u1,Join7-probe,Join7-build,Join7-build_rows,Join7-instantiated,Join7-state,Join7-total_probes,Join7-probes_at_freeze,Join7-freeze_reason,Join7-probes_at_abandon,Join7-abandon_reason,Join7-inserts,Join7-u1,Join8-probe,Join8-build,Join8-build_rows,Join8-instantiated,Join8-state,Join8-total_probes,Join8-probes_at_freeze,Join8-freeze_reason,Join8-probes_at_abandon,Join8-abandon_reason,Join8-inserts,Join8-u1,Join9-probe,Join9-build,Join9-build_rows,Join9-instantiated,Join9-state,Join9-total_probes,Join9-probes_at_freeze,Join9-freeze_reason,Join9-probes_at_abandon,Join9-abandon_reason,Join9-inserts,Join9-u1
Q01,1,9,1,16.08,,,,,,,,,,,,,,,,,,,,,,,,,,,,,,,,,,,,,,,,,,,,,,,,,,,,,,,,,,,,,,,,,,,,,,,,,,,,,,,,,,,,,,,,,,,,,,,,,,,,,,,,,,,,
Q02,1,18,1,4.70,,region,1,0,never_instantiated,0,,,,,0,0,,nation,25,0,never_instantiated,0,,,,,0,0,supplier,,159368,0,never_instantiated,0,,,,,0,0,partsupp,part,39842,0,never_instantiated,0,,,,,0,0,,,32103,0,never_instantiated,0,,,,,0,0,,,23639,0,never_instantiated,0,,,,,0,0,,region,1,0,never_instantiated,0,,,,,0,0,,nation,25,0,never_instantiated,0,,,,,0,0,partsupp,supplier,500000,0,never_instantiated,0,,,,,0,0
Q03,1,5,1,23.45,,customer,1500035,0,never_instantiated,0,,,,,0,0,lineitem,orders,36437107,0,never_instantiated,0,,,,,0,0,,,,,,,,,,,,,,,,,,,,,,,,,,,,,,,,,,,,,,,,,,,,,,,,,,,,,,,,,,,,,,,,,,,,,,,,,,,,,,,,,,,,
Q04,1,19,1,16.01,,,2866672,0,never_instantiated,0,,,,,0,0,lineitem,,2866672,0,never_instantiated,0,,,,,0,0,,,,,,,,,,,,,,,,,,,,,,,,,,,,,,,,,,,,,,,,,,,,,,,,,,,,,,,,,,,,,,,,,,,,,,,,,,,,,,,,,,,,
Q05,1,12,1,43.34,,supplier,500000,0,never_instantiated,0,,,,,0,0,,region,1,0,never_instantiated,0,,,,,0,0,,nation,25,0,never_instantiated,0,,,,,0,0,,customer,7499999,0,never_instantiated,0,,,,,0,0,lineitem,orders,11380211,0,never_instantiated,0,,,,,0,0,,,,,,,,,,,,,,,,,,,,,,,,,,,,,,,,,,,,,,,,,,,,,,,,
Q06,1,17,1,5.00,,,,,,,,,,,,,,,,,,,,,,,,,,,,,,,,,,,,,,,,,,,,,,,,,,,,,,,,,,,,,,,,,,,,,,,,,,,,,,,,,,,,,,,,,,,,,,,,,,,,,,,,,,,,
Q07,1,3,1,39.74,,nation,2,0,never_instantiated,0,,,,,0,0,,customer,7499999,0,never_instantiated,0,,,,,0,0,,nation,2,0,never_instantiated,0,,,,,0,0,orders,,91146235,0,never_instantiated,0,,,,,0,0,lineitem,supplier,500000,0,never_instantiated,0,,,,,0,0,,,,,,,,,,,,,,,,,,,,,,,,,,,,,,,,,,,,,,,,,,,,,,,,
Q08,1,15,1,37.14,,region,1,0,never_instantiated,0,,,,,0,0,,nation,25,0,never_instantiated,0,,,,,0,0,customer,,613887,0,never_instantiated,0,,,,,0,0,,nation,25,0,never_instantiated,0,,,,,0,0,,supplier,500000,0,never_instantiated,0,,,,,0,0,,part,67341,0,never_instantiated,0,,,,,0,0,lineitem,orders,22789750,0,never_instantiated,0,,,,,0,0,,,,,,,,,,,,,,,,,,,,,,,,
Q09,1,12,1,76.84,,partsupp,40000000,0,never_instantiated,0,,,,,0,0,,nation,25,0,never_instantiated,0,,,,,0,0,,part,544226,0,never_instantiated,0,,,,,0,0,,supplier,500000,0,never_instantiated,0,,,,,0,0,lineitem,orders,75000000,0,never_instantiated,0,,,,,0,0,,,,,,,,,,,,,,,,,,,,,,,,,,,,,,,,,,,,,,,,,,,,,,,,
Q10,1,4,1,22.38,,nation,25,0,never_instantiated,0,,,,,0,0,customer,,5729340,0,never_instantiated,0,,,,,0,0,lineitem,orders,2864423,0,never_instantiated,0,,,,,0,0,,,,,,,,,,,,,,,,,,,,,,,,,,,,,,,,,,,,,,,,,,,,,,,,,,,,,,,,,,,,,,,,,,,,,,,,
Q11,1,4,1,3.24,partsupp,,20104,0,never_instantiated,0,,,,,0,0,supplier,nation,1,0,never_instantiated,0,,,,,0,0,,nation,1,0,never_instantiated,0,,,,,0,0,partsupp,supplier,500000,0,never_instantiated,0,,,,,0,0,,,,,,,,,,,,,,,,,,,,,,,,,,,,,,,,,,,,,,,,,,,,,,,,,,,,,,,,,,,,
Q12,1,13,1,11.26,orders,lineitem,1557029,0,never_instantiated,0,,,,,0,0,,,,,,,,,,,,,,,,,,,,,,,,,,,,,,,,,,,,,,,,,,,,,,,,,,,,,,,,,,,,,,,,,,,,,,,,,,,,,,,,,,,,,,,,,,,,,,,,
Q13,1,17,1,27.41,orders,customer,7500000,0,never_instantiated,0,,,,,0,0,,,,,,,,,,,,,,,,,,,,,,,,,,,,,,,,,,,,,,,,,,,,,,,,,,,,,,,,,,,,,,,,,,,,,,,,,,,,,,,,,,,,,,,,,,,,,,,,
Q14,1,18,1,15.20,lineitem,part,10000000,0,never_instantiated,0,,,,,0,0,,,,,,,,,,,,,,,,,,,,,,,,,,,,,,,,,,,,,,,,,,,,,,,,,,,,,,,,,,,,,,,,,,,,,,,,,,,,,,,,,,,,,,,,,,,,,,,,
Q15,1,5,1,6.49,,,1,0,never_instantiated,0,,,,,0,0,supplier,,500000,0,never_instantiated,0,,,,,0,0,,,,,,,,,,,,,,,,,,,,,,,,,,,,,,,,,,,,,,,,,,,,,,,,,,,,,,,,,,,,,,,,,,,,,,,,,,,,,,,,,,,,
Q16,1,16,1,6.46,,supplier,241,0,never_instantiated,0,,,,,0,0,partsupp,,1484993,0,never_instantiated,0,,,,,0,0,part,,8,0,never_instantiated,0,,,,,0,0,,,,,,,,,,,,,,,,,,,,,,,,,,,,,,,,,,,,,,,,,,,,,,,,,,,,,,,,,,,,,,,,,,,,,,,,
Q17,1,16,1,25.30,lineitem,part,10106,0,never_instantiated,0,,,,,0,0,,,303740,0,never_instantiated,0,,,,,0,0,lineitem,,10106,0,never_instantiated,0,,,,,0,0,,,,,,,,,,,,,,,,,,,,,,,,,,,,,,,,,,,,,,,,,,,,,,,,,,,,,,,,,,,,,,,,,,,,,,,,
Q18,1,4,1,85.51,,lineitem,3182,0,never_instantiated,0,,,,,0,0,,customer,7499999,0,never_instantiated,0,,,,,0,0,lineitem,orders,75000000,0,never_instantiated,0,,,,,0,0,,,,,,,,,,,,,,,,,,,,,,,,,,,,,,,,,,,,,,,,,,,,,,,,,,,,,,,,,,,,,,,,,,,,,,,,
Q19,1,13,1,20.77,lineitem,part,10000000,0,never_instantiated,0,,,,,0,0,,,,,,,,,,,,,,,,,,,,,,,,,,,,,,,,,,,,,,,,,,,,,,,,,,,,,,,,,,,,,,,,,,,,,,,,,,,,,,,,,,,,,,,,,,,,,,,,
Q20,1,13,1,16.94,,,20007,0,never_instantiated,0,,,,,0,0,partsupp,part,108811,0,never_instantiated,0,,,,,0,0,,,435244,0,never_instantiated,0,,,,,0,0,lineitem,,435244,0,never_instantiated,0,,,,,0,0,supplier,nation,1,0,never_instantiated,0,,,,,0,0,,,,,,,,,,,,,,,,,,,,,,,,,,,,,,,,,,,,,,,,,,,,,,,,
Q21,1,4,1,66.66,,nation,1,0,never_instantiated,0,,,,,0,0,,supplier,500000,0,never_instantiated,0,,,,,0,0,lineitem,orders,36536161,0,never_instantiated,0,,,,,0,0,,,3651580,0,never_instantiated,0,,,,,0,0,lineitem,,3651569,0,never_instantiated,0,,,,,0,0,,,3519582,0,never_instantiated,0,,,,,0,0,lineitem,,3519571,0,never_instantiated,0,,,,,0,0,,,,,,,,,,,,,,,,,,,,,,,,
Q22,1,4,1,8.38,,,954234,0,never_instantiated,0,,,,,0,0,orders,,954234,0,never_instantiated,0,,,,,0,0,,,,,,,,,,,,,,,,,,,,,,,,,,,,,,,,,,,,,,,,,,,,,,,,,,,,,,,,,,,,,,,,,,,,,,,,,,,,,,,,,,,,
Q01,2,13,1,16.07,,,,,,,,,,,,,,,,,,,,,,,,,,,,,,,,,,,,,,,,,,,,,,,,,,,,,,,,,,,,,,,,,,,,,,,,,,,,,,,,,,,,,,,,,,,,,,,,,,,,,,,,,,,,
Q02,2,1,1,3.54,,region,1,0,never_instantiated,0,,,,,0,0,,part,39842,0,never_instantiated,0,,,,,0,0,,nation,5,0,never_instantiated,0,,,,,0,0,partsupp,supplier,100324,0,never_instantiated,0,,,,,0,0,,,32103,0,never_instantiated,0,,,,,0,0,,,23639,0,never_instantiated,0,,,,,0,0,,region,1,0,never_instantiated,0,,,,,0,0,,nation,5,0,never_instantiated,0,,,,,0,0,partsupp,supplier,100324,0,never_instantiated,0,,,,,0,0
Q03,2,4,1,23.48,,customer,1500035,0,never_instantiated,0,,,,,0,0,lineitem,orders,36437107,0,never_instantiated,0,,,,,0,0,,,,,,,,,,,,,,,,,,,,,,,,,,,,,,,,,,,,,,,,,,,,,,,,,,,,,,,,,,,,,,,,,,,,,,,,,,,,,,,,,,,,
Q04,2,19,1,16.07,,,2866672,0,never_instantiated,0,,,,,0,0,lineitem,,2866672,0,never_instantiated,0,,,,,0,0,,,,,,,,,,,,,,,,,,,,,,,,,,,,,,,,,,,,,,,,,,,,,,,,,,,,,,,,,,,,,,,,,,,,,,,,,,,,,,,,,,,,
Q05,2,10,1,37.17,,region,1,0,never_instantiated,0,,,,,0,0,,nation,5,0,never_instantiated,0,,,,,0,0,,customer,1499409,0,never_instantiated,0,,,,,0,0,,supplier,500000,0,never_instantiated,0,,,,,0,0,lineitem,orders,11380211,0,never_instantiated,0,,,,,0,0,,,,,,,,,,,,,,,,,,,,,,,,,,,,,,,,,,,,,,,,,,,,,,,,
Q06,2,11,1,5.02,,,,,,,,,,,,,,,,,,,,,,,,,,,,,,,,,,,,,,,,,,,,,,,,,,,,,,,,,,,,,,,,,,,,,,,,,,,,,,,,,,,,,,,,,,,,,,,,,,,,,,,,,,,,
Q07,2,15,1,11.55,,nation,2,0,never_instantiated,0,,,,,0,0,,nation,2,0,never_instantiated,0,,,,,0,0,,customer,600436,0,never_instantiated,0,,,,,0,0,orders,,590520,0,never_instantiated,0,,,,,0,0,lineitem,supplier,40192,0,never_instantiated,0,,,,,0,0,,,,,,,,,,,,,,,,,,,,,,,,,,,,,,,,,,,,,,,,,,,,,,,,
Q08,2,9,1,13.24,,region,1,0,never_instantiated,0,,,,,0,0,,nation,5,0,never_instantiated,0,,,,,0,0,customer,,613887,0,never_instantiated,0,,,,,0,0,,part,67341,0,never_instantiated,0,,,,,0,0,,nation,25,0,never_instantiated,0,,,,,0,0,,supplier,500000,0,never_instantiated,0,,,,,0,0,lineitem,orders,22789750,0,never_instantiated,0,,,,,0,0,,,,,,,,,,,,,,,,,,,,,,,,
Q09,2,5,1,28.75,,nation,25,0,never_instantiated,0,,,,,0,0,,supplier,500000,0,never_instantiated,0,,,,,0,0,,partsupp,40000000,0,never_instantiated,0,,,,,0,0,,orders,75000000,0,never_instantiated,0,,,,,0,0,lineitem,part,544226,0,never_instantiated,0,,,,,0,0,,,,,,,,,,,,,,,,,,,,,,,,,,,,,,,,,,,,,,,,,,,,,,,,
Q10,2,12,1,14.15,,nation,25,0,never_instantiated,0,,,,,0,0,customer,,5729340,0,never_instantiated,0,,,,,0,0,lineitem,orders,2864423,0,never_instantiated,0,,,,,0,0,,,,,,,,,,,,,,,,,,,,,,,,,,,,,,,,,,,,,,,,,,,,,,,,,,,,,,,,,,,,,,,,,,,,,,,,
Q11,2,9,1,3.16,,nation,1,0,never_instantiated,0,,,,,0,0,partsupp,supplier,20104,0,never_instantiated,0,,,,,0,0,partsupp,,20104,0,never_instantiated,0,,,,,0,0,supplier,nation,1,0,never_instantiated,0,,,,,0,0,,,,,,,,,,,,,,,,,,,,,,,,,,,,,,,,,,,,,,,,,,,,,,,,,,,,,,,,,,,,
Q12,2,14,1,11.17,orders,lineitem,1557029,0,never_instantiated,0,,,,,0,0,,,,,,,,,,,,,,,,,,,,,,,,,,,,,,,,,,,,,,,,,,,,,,,,,,,,,,,,,,,,,,,,,,,,,,,,,,,,,,,,,,,,,,,,,,,,,,,,
Q13,2,9,1,27.29,orders,customer,7500000,0,never_instantiated,0,,,,,0,0,,,,,,,,,,,,,,,,,,,,,,,,,,,,,,,,,,,,,,,,,,,,,,,,,,,,,,,,,,,,,,,,,,,,,,,,,,,,,,,,,,,,,,,,,,,,,,,,
Q14,2,17,1,15.06,lineitem,part,10000000,0,never_instantiated,0,,,,,0,0,,,,,,,,,,,,,,,,,,,,,,,,,,,,,,,,,,,,,,,,,,,,,,,,,,,,,,,,,,,,,,,,,,,,,,,,,,,,,,,,,,,,,,,,,,,,,,,,
Q15,2,1,1,6.49,,,1,0,never_instantiated,0,,,,,0,0,supplier,,500000,0,never_instantiated,0,,,,,0,0,,,,,,,,,,,,,,,,,,,,,,,,,,,,,,,,,,,,,,,,,,,,,,,,,,,,,,,,,,,,,,,,,,,,,,,,,,,,,,,,,,,,
Q16,2,19,1,6.44,,supplier,241,0,never_instantiated,0,,,,,0,0,partsupp,,1484993,0,never_instantiated,0,,,,,0,0,part,,8,0,never_instantiated,0,,,,,0,0,,,,,,,,,,,,,,,,,,,,,,,,,,,,,,,,,,,,,,,,,,,,,,,,,,,,,,,,,,,,,,,,,,,,,,,,
Q17,2,18,1,25.15,lineitem,part,10106,0,never_instantiated,0,,,,,0,0,,,303740,0,never_instantiated,0,,,,,0,0,lineitem,,10106,0,never_instantiated,0,,,,,0,0,,,,,,,,,,,,,,,,,,,,,,,,,,,,,,,,,,,,,,,,,,,,,,,,,,,,,,,,,,,,,,,,,,,,,,,,
Q18,2,6,1,85.03,,lineitem,3182,0,never_instantiated,0,,,,,0,0,,customer,7499999,0,never_instantiated,0,,,,,0,0,lineitem,orders,75000000,0,never_instantiated,0,,,,,0,0,,,,,,,,,,,,,,,,,,,,,,,,,,,,,,,,,,,,,,,,,,,,,,,,,,,,,,,,,,,,,,,,,,,,,,,,
Q19,2,17,1,20.69,lineitem,part,10000000,0,never_instantiated,0,,,,,0,0,,,,,,,,,,,,,,,,,,,,,,,,,,,,,,,,,,,,,,,,,,,,,,,,,,,,,,,,,,,,,,,,,,,,,,,,,,,,,,,,,,,,,,,,,,,,,,,,
Q20,2,1,1,11.99,,,20007,0,never_instantiated,0,,,,,0,0,partsupp,part,108811,0,never_instantiated,0,,,,,0,0,,,17625,0,never_instantiated,0,,,,,0,0,lineitem,,17625,0,never_instantiated,0,,,,,0,0,supplier,nation,1,0,never_instantiated,0,,,,,0,0,,,,,,,,,,,,,,,,,,,,,,,,,,,,,,,,,,,,,,,,,,,,,,,,
Q21,2,16,1,48.34,,nation,1,0,never_instantiated,0,,,,,0,0,,supplier,19931,0,never_instantiated,0,,,,,0,0,lineitem,orders,36536161,0,never_instantiated,0,,,,,0,0,,,3651580,0,never_instantiated,0,,,,,0,0,lineitem,,3651569,0,never_instantiated,0,,,,,0,0,,,3519582,0,never_instantiated,0,,,,,0,0,lineitem,,3519571,0,never_instantiated,0,,,,,0,0,,,,,,,,,,,,,,,,,,,,,,,,
Q22,2,5,1,8.33,,,954234,0,never_instantiated,0,,,,,0,0,orders,,954234,0,never_instantiated,0,,,,,0,0,,,,,,,,,,,,,,,,,,,,,,,,,,,,,,,,,,,,,,,,,,,,,,,,,,,,,,,,,,,,,,,,,,,,,,,,,,,,,,,,,,,,
Q01,3,13,1,16.10,,,,,,,,,,,,,,,,,,,,,,,,,,,,,,,,,,,,,,,,,,,,,,,,,,,,,,,,,,,,,,,,,,,,,,,,,,,,,,,,,,,,,,,,,,,,,,,,,,,,,,,,,,,,
Q02,3,1,1,3.51,,region,1,0,never_instantiated,0,,,,,0,0,,part,39842,0,never_instantiated,0,,,,,0,0,,nation,5,0,never_instantiated,0,,,,,0,0,partsupp,supplier,100324,0,never_instantiated,0,,,,,0,0,,,32103,0,never_instantiated,0,,,,,0,0,,,23639,0,never_instantiated,0,,,,,0,0,,region,1,0,never_instantiated,0,,,,,0,0,,nation,5,0,never_instantiated,0,,,,,0,0,partsupp,supplier,100324,0,never_instantiated,0,,,,,0,0
Q03,3,12,1,27.36,,customer,1500035,1,active,7486998,,,,,243565,7681,lineitem,orders,36437107,1,frozen,161744873,115457327,THC-Full,,,917504,1762,,,,,,,,,,,,,,,,,,,,,,,,,,,,,,,,,,,,,,,,,,,,,,,,,,,,,,,,,,,,,,,,,,,,,,,,,,,,,,,,,,,,
Q04,3,2,1,21.25,,,2866672,1,frozen,7248203,2819008,THC-Full,,,458752,36339,lineitem,,2866672,1,frozen,189670173,146165147,THC-Full,,,917504,1368,,,,,,,,,,,,,,,,,,,,,,,,,,,,,,,,,,,,,,,,,,,,,,,,,,,,,,,,,,,,,,,,,,,,,,,,,,,,,,,,,,,,
Q05,3,8,1,40.57,,region,1,0,never_instantiated,0,,,,,0,0,,nation,5,0,never_instantiated,0,,,,,0,0,,customer,1499409,1,active,45525575,,,,,153611,706,,supplier,500000,0,never_instantiated,0,,,,,0,0,lineitem,orders,11380211,1,frozen,45633492,8213832,THC-Full,,,917504,25065,,,,,,,,,,,,,,,,,,,,,,,,,,,,,,,,,,,,,,,,,,,,,,,,
Q06,3,15,1,5.02,,,,,,,,,,,,,,,,,,,,,,,,,,,,,,,,,,,,,,,,,,,,,,,,,,,,,,,,,,,,,,,,,,,,,,,,,,,,,,,,,,,,,,,,,,,,,,,,,,,,,,,,,,,,
Q07,3,18,1,11.67,,nation,2,0,never_instantiated,0,,,,,0,0,,nation,2,0,never_instantiated,0,,,,,0,0,,customer,600436,1,active,586992,,,,,137663,76763,,supplier,40192,0,never_instantiated,0,,,,,0,0,lineitem,orders,6017244,1,active,592811,,,,,171455,85675,,,,,,,,,,,,,,,,,,,,,,,,,,,,,,,,,,,,,,,,,,,,,,,,
Q08,3,8,1,13.41,,region,1,0,never_instantiated,0,,,,,0,0,,nation,5,0,never_instantiated,0,,,,,0,0,customer,,613887,0,never_instantiated,0,,,,,0,0,,part,67341,0,never_instantiated,0,,,,,0,0,,nation,25,0,never_instantiated,0,,,,,0,0,,orders,22789750,1,active,2058835,,,,,304971,30558,lineitem,supplier,500000,0,never_instantiated,0,,,,,0,0,,,,,,,,,,,,,,,,,,,,,,,,
Q09,3,15,1,31.31,,nation,25,0,never_instantiated,0,,,,,0,0,,partsupp,40000000,1,frozen,16323485,1216239,THC-Full,,,458752,99109,,part,544226,1,active,16364873,,,,,542592,92607,,orders,75000000,1,frozen,16364873,2431830,THC-Full,,,917504,91137,lineitem,supplier,500000,0,never_instantiated,0,,,,,0,0,,,,,,,,,,,,,,,,,,,,,,,,,,,,,,,,,,,,,,,,,,,,,,,,
Q10,3,1,1,14.45,,nation,25,0,never_instantiated,0,,,,,0,0,customer,,5729340,0,never_instantiated,0,,,,,0,0,lineitem,orders,2864423,1,frozen,5759219,4855807,THC-Full,,,917504,42836,,,,,,,,,,,,,,,,,,,,,,,,,,,,,,,,,,,,,,,,,,,,,,,,,,,,,,,,,,,,,,,,,,,,,,,,
Q11,3,18,1,3.16,partsupp,,20104,0,never_instantiated,0,,,,,0,0,supplier,nation,1,0,never_instantiated,0,,,,,0,0,,nation,1,0,never_instantiated,0,,,,,0,0,partsupp,supplier,20104,0,never_instantiated,0,,,,,0,0,,,,,,,,,,,,,,,,,,,,,,,,,,,,,,,,,,,,,,,,,,,,,,,,,,,,,,,,,,,,
Q12,3,6,1,13.56,orders,lineitem,1557029,1,active,75000000,,,,,716613,1957,,,,,,,,,,,,,,,,,,,,,,,,,,,,,,,,,,,,,,,,,,,,,,,,,,,,,,,,,,,,,,,,,,,,,,,,,,,,,,,,,,,,,,,,,,,,,,,,
Q13,3,10,1,30.10,orders,customer,7500000,1,frozen,74224989,5474663,THC-Full,,,1835008,100134,,,,,,,,,,,,,,,,,,,,,,,,,,,,,,,,,,,,,,,,,,,,,,,,,,,,,,,,,,,,,,,,,,,,,,,,,,,,,,,,,,,,,,,,,,,,,,,,
Q14,3,8,1,15.73,lineitem,part,10000000,1,frozen,3742179,1200219,THC-Full,,,458752,99542,,,,,,,,,,,,,,,,,,,,,,,,,,,,,,,,,,,,,,,,,,,,,,,,,,,,,,,,,,,,,,,,,,,,,,,,,,,,,,,,,,,,,,,,,,,,,,,,
Q15,3,14,1,6.52,,,1,0,never_instantiated,0,,,,,0,0,supplier,,500000,1,active,500000,,,,,200623,100352,,,,,,,,,,,,,,,,,,,,,,,,,,,,,,,,,,,,,,,,,,,,,,,,,,,,,,,,,,,,,,,,,,,,,,,,,,,,,,,,,,,,
Q16,3,9,1,6.44,,supplier,241,0,never_instantiated,0,,,,,0,0,partsupp,,1484993,0,never_instantiated,0,,,,,0,0,part,,8,0,never_instantiated,0,,,,,0,0,,,,,,,,,,,,,,,,,,,,,,,,,,,,,,,,,,,,,,,,,,,,,,,,,,,,,,,,,,,,,,,,,,,,,,,,
Q17,3,15,1,25.21,lineitem,part,10106,0,never_instantiated,0,,,,,0,0,,,303740,1,active,10106,,,,,0,0,lineitem,,10106,0,never_instantiated,0,,,,,0,0,,,,,,,,,,,,,,,,,,,,,,,,,,,,,,,,,,,,,,,,,,,,,,,,,,,,,,,,,,,,,,,,,,,,,,,,
Q18,3,1,1,105.62,,lineitem,3182,0,never_instantiated,0,,,,,0,0,,customer,7499999,1,frozen,300005811,4417536,THC-Full,,,458752,25031,lineitem,orders,75000000,1,frozen,300005811,8230912,THC-Full,,,917504,25092,,,,,,,,,,,,,,,,,,,,,,,,,,,,,,,,,,,,,,,,,,,,,,,,,,,,,,,,,,,,,,,,,,,,,,,,
Q19,3,12,1,22.07,lineitem,part,10000000,1,frozen,10715616,1200726,THC-Full,,,458752,99517,,,,,,,,,,,,,,,,,,,,,,,,,,,,,,,,,,,,,,,,,,,,,,,,,,,,,,,,,,,,,,,,,,,,,,,,,,,,,,,,,,,,,,,,,,,,,,,,
Q20,3,7,1,11.95,,,20007,0,never_instantiated,0,,,,,0,0,partsupp,part,108811,0,never_instantiated,0,,,,,0,0,,,17625,0,never_instantiated,0,,,,,0,0,lineitem,,17625,0,never_instantiated,0,,,,,0,0,supplier,nation,1,0,never_instantiated,0,,,,,0,0,,,,,,,,,,,,,,,,,,,,,,,,,,,,,,,,,,,,,,,,,,,,,,,,
Q21,3,15,1,63.07,,nation,1,0,never_instantiated,0,,,,,0,0,,orders,36536161,1,active,7563629,,,,,1640897,46445,lineitem,supplier,19931,0,never_instantiated,0,,,,,0,0,,,3651580,1,frozen,14574126,4202472,THC-Full,,,458752,24083,lineitem,,3651569,1,frozen,300005451,175015839,THC-Full,,,917504,1196,,,3519582,1,frozen,9206105,2809295,THC-Full,,,458752,36243,lineitem,,3519571,1,frozen,189670114,115276871,THC-Full,,,917504,1787,,,,,,,,,,,,,,,,,,,,,,,,
Q22,3,11,1,11.21,,,954234,1,frozen,9544186,2403206,THC-Full,,,458752,91945,orders,,954234,1,active,74999893,,,,,628820,12522,,,,,,,,,,,,,,,,,,,,,,,,,,,,,,,,,,,,,,,,,,,,,,,,,,,,,,,,,,,,,,,,,,,,,,,,,,,,,,,,,,,,
Q01,4,2,1,16.14,,,,,,,,,,,,,,,,,,,,,,,,,,,,,,,,,,,,,,,,,,,,,,,,,,,,,,,,,,,,,,,,,,,,,,,,,,,,,,,,,,,,,,,,,,,,,,,,,,,,,,,,,,,,
Q02,4,5,1,3.85,,region,1,0,never_instantiated,0,,,,,0,0,,nation,5,0,never_instantiated,0,,,,,0,0,,part,23687,0,never_instantiated,0,,,,,0,0,partsupp,supplier,29018,0,never_instantiated,0,,,,,0,0,,,32103,0,never_instantiated,0,,,,,0,0,,,23639,0,never_instantiated,0,,,,,0,0,,region,1,0,never_instantiated,0,,,,,0,0,,nation,5,0,never_instantiated,0,,,,,0,0,partsupp,supplier,100324,0,never_instantiated,0,,,,,0,0
Q03,4,6,1,23.65,,customer,1500035,0,never_instantiated,0,,,,,0,0,lineitem,orders,36437107,0,never_instantiated,0,,,,,0,0,,,,,,,,,,,,,,,,,,,,,,,,,,,,,,,,,,,,,,,,,,,,,,,,,,,,,,,,,,,,,,,,,,,,,,,,,,,,,,,,,,,,
Q04,4,12,1,16.07,,,2866672,0,never_instantiated,0,,,,,0,0,lineitem,,2866672,0,never_instantiated,0,,,,,0,0,,,,,,,,,,,,,,,,,,,,,,,,,,,,,,,,,,,,,,,,,,,,,,,,,,,,,,,,,,,,,,,,,,,,,,,,,,,,,,,,,,,,
Q05,4,16,1,27.70,,region,1,0,never_instantiated,0,,,,,0,0,,nation,5,0,never_instantiated,0,,,,,0,0,,customer,1499409,0,never_instantiated,0,,,,,0,0,,supplier,500000,0,never_instantiated,0,,,,,0,0,lineitem,orders,11380211,0,never_instantiated,0,,,,,0,0,,,,,,,,,,,,,,,,,,,,,,,,,,,,,,,,,,,,,,,,,,,,,,,,
Q06,4,14,1,5.04,,,,,,,,,,,,,,,,,,,,,,,,,,,,,,,,,,,,,,,,,,,,,,,,,,,,,,,,,,,,,,,,,,,,,,,,,,,,,,,,,,,,,,,,,,,,,,,,,,,,,,,,,,,,
Q07,4,7,1,11.06,,nation,2,0,never_instantiated,0,,,,,0,0,,nation,2,0,never_instantiated,0,,,,,0,0,,customer,278139,0,never_instantiated,0,,,,,0,0,orders,,590520,0,never_instantiated,0,,,,,0,0,lineitem,supplier,40192,0,never_instantiated,0,,,,,0,0,,,,,,,,,,,,,,,,,,,,,,,,,,,,,,,,,,,,,,,,,,,,,,,,
Q08,4,14,1,11.68,,region,1,0,never_instantiated,0,,,,,0,0,,nation,5,0,never_instantiated,0,,,,,0,0,,part,67341,0,never_instantiated,0,,,,,0,0,,customer,122927,0,never_instantiated,0,,,,,0,0,,orders,659258,0,never_instantiated,0,,,,,0,0,,nation,25,0,never_instantiated,0,,,,,0,0,lineitem,supplier,212217,0,never_instantiated,0,,,,,0,0,,,,,,,,,,,,,,,,,,,,,,,,
Q09,4,7,1,27.65,,nation,25,0,never_instantiated,0,,,,,0,0,,part,544226,0,never_instantiated,0,,,,,0,0,,orders,14772304,0,never_instantiated,0,,,,,0,0,,partsupp,2182388,0,never_instantiated,0,,,,,0,0,lineitem,supplier,499241,0,never_instantiated,0,,,,,0,0,,,,,,,,,,,,,,,,,,,,,,,,,,,,,,,,,,,,,,,,,,,,,,,,
Q10,4,18,1,14.31,,nation,25,0,never_instantiated,0,,,,,0,0,customer,,5729340,0,never_instantiated,0,,,,,0,0,lineitem,orders,2458671,0,never_instantiated,0,,,,,0,0,,,,,,,,,,,,,,,,,,,,,,,,,,,,,,,,,,,,,,,,,,,,,,,,,,,,,,,,,,,,,,,,,,,,,,,,
Q11,4,4,1,2.14,partsupp,,20104,0,never_instantiated,0,,,,,0,0,supplier,nation,1,0,never_instantiated,0,,,,,0,0,,nation,1,0,never_instantiated,0,,,,,0,0,partsupp,supplier,20104,0,never_instantiated,0,,,,,0,0,,,,,,,,,,,,,,,,,,,,,,,,,,,,,,,,,,,,,,,,,,,,,,,,,,,,,,,,,,,,
Q12,4,1,1,8.00,orders,lineitem,1557029,0,never_instantiated,0,,,,,0,0,,,,,,,,,,,,,,,,,,,,,,,,,,,,,,,,,,,,,,,,,,,,,,,,,,,,,,,,,,,,,,,,,,,,,,,,,,,,,,,,,,,,,,,,,,,,,,,,
Q13,4,18,1,27.31,orders,customer,7500000,0,never_instantiated,0,,,,,0,0,,,,,,,,,,,,,,,,,,,,,,,,,,,,,,,,,,,,,,,,,,,,,,,,,,,,,,,,,,,,,,,,,,,,,,,,,,,,,,,,,,,,,,,,,,,,,,,,
Q14,4,5,1,6.36,lineitem,part,3128775,0,never_instantiated,0,,,,,0,0,,,,,,,,,,,,,,,,,,,,,,,,,,,,,,,,,,,,,,,,,,,,,,,,,,,,,,,,,,,,,,,,,,,,,,,,,,,,,,,,,,,,,,,,,,,,,,,,
Q15,4,14,1,6.48,,,1,0,never_instantiated,0,,,,,0,0,supplier,,500000,0,never_instantiated,0,,,,,0,0,,,,,,,,,,,,,,,,,,,,,,,,,,,,,,,,,,,,,,,,,,,,,,,,,,,,,,,,,,,,,,,,,,,,,,,,,,,,,,,,,,,,
Q16,4,13,1,6.44,,supplier,241,0,never_instantiated,0,,,,,0,0,partsupp,,1484993,0,never_instantiated,0,,,,,0,0,part,,8,0,never_instantiated,0,,,,,0,0,,,,,,,,,,,,,,,,,,,,,,,,,,,,,,,,,,,,,,,,,,,,,,,,,,,,,,,,,,,,,,,,,,,,,,,,
Q17,4,18,1,17.30,lineitem,part,10106,0,never_instantiated,0,,,,,0,0,,,303740,0,never_instantiated,0,,,,,0,0,lineitem,,10106,0,never_instantiated,0,,,,,0,0,,,,,,,,,,,,,,,,,,,,,,,,,,,,,,,,,,,,,,,,,,,,,,,,,,,,,,,,,,,,,,,,,,,,,,,,
Q18,4,9,1,85.65,,lineitem,3182,0,never_instantiated,0,,,,,0,0,,customer,7499999,0,never_instantiated,0,,,,,0,0,lineitem,orders,75000000,0,never_instantiated,0,,,,,0,0,,,,,,,,,,,,,,,,,,,,,,,,,,,,,,,,,,,,,,,,,,,,,,,,,,,,,,,,,,,,,,,,,,,,,,,,
Q19,4,0,1,13.62,lineitem,part,6706977,0,never_instantiated,0,,,,,0,0,,,,,,,,,,,,,,,,,,,,,,,,,,,,,,,,,,,,,,,,,,,,,,,,,,,,,,,,,,,,,,,,,,,,,,,,,,,,,,,,,,,,,,,,,,,,,,,,
Q20,4,19,1,11.95,,,12314,0,never_instantiated,0,,,,,0,0,partsupp,part,16589,0,never_instantiated,0,,,,,0,0,,,17625,0,never_instantiated,0,,,,,0,0,lineitem,,17625,0,never_instantiated,0,,,,,0,0,supplier,nation,1,0,never_instantiated,0,,,,,0,0,,,,,,,,,,,,,,,,,,,,,,,,,,,,,,,,,,,,,,,,,,,,,,,,
Q21,4,15,1,46.05,,nation,1,0,never_instantiated,0,,,,,0,0,,orders,3532187,0,never_instantiated,0,,,,,0,0,lineitem,supplier,19931,0,never_instantiated,0,,,,,0,0,,,3651580,0,never_instantiated,0,,,,,0,0,lineitem,,3651569,0,never_instantiated,0,,,,,0,0,,,3519582,0,never_instantiated,0,,,,,0,0,lineitem,,3519571,0,never_instantiated,0,,,,,0,0,,,,,,,,,,,,,,,,,,,,,,,,
Q22,4,15,1,8.36,,,954234,0,never_instantiated,0,,,,,0,0,orders,,954234,0,never_instantiated,0,,,,,0,0,,,,,,,,,,,,,,,,,,,,,,,,,,,,,,,,,,,,,,,,,,,,,,,,,,,,,,,,,,,,,,,,,,,,,,,,,,,,,,,,,,,,
