label,query,case,k_breakeven,med_c1,med_c,med_bf
job_t1,job_q10a,2,19.779345151621992,1.3071530065,0.9292394365000001,0.020123895
job_t1,job_q10b,2,8.771803770835875,1.124306791,0.6639474219999999,0.05923455899999999
job_t1,job_q10c,2,-15.545185863021338,2.174358555,2.2378576629999998,0.003837920500000001
job_t1,job_q11a,2,7.591698472517001,0.149143178,0.10435947849999999,0.006793954499999999
job_t1,job_q11b,2,-12.601519909511579,0.1502022255,0.2311002915,0.0059477225000000005
job_t1,job_q11c,2,32.515822217990745,0.2231666945,0.1311432355,0.0029199129999999997
job_t1,job_q11d,2,6.7692938321753555,0.2379427155,0.19862893,0.006814315
job_t1,job_q12a,2,10.189040288521726,0.5791031405,0.285040325,0.03200147200000001
job_t1,job_q12b,2,44.0865393985475,0.49743861899999997,0.2792401755,0.005064190499999999
job_t1,job_q12c,2,8.697360756763764,0.7250600515000001,0.40333565,0.04179671599999999
job_t1,job_q13a,2,23.417578635227866,3.768822991,0.5100460305,0.145367036
job_t1,job_q13b,2,35.70185882357557,1.2029790345,0.265335052,0.027019993
job_t1,job_q13c,2,71.45205368400211,1.066703697,0.205040101,0.0122304965
job_t1,job_q13d,2,14.101021825700458,2.9277766025,1.1111190615,0.13866533199999997
job_t1,job_q14a,2,42.98252660307965,1.925718786,0.20193589150000002,0.041059531999999996
job_t1,job_q14b,2,107.92396696696511,1.72896839,0.204928803,0.014253488999999994
job_t1,job_q14c,2,48.56960883140794,2.1431962945,0.3599661655,0.03748675200000002
job_t1,job_q15a,2,95.24764784362286,1.391749957,0.8467116155000001,0.005783044499999999
job_t1,job_q15b,2,423.73979190963604,1.2793883215,0.6528471554999999,0.0014820965000000002
job_t1,job_q15c,2,175.7239633814731,1.4113797565000001,0.804325545,0.003474361500000001
job_t1,job_q15d,2,54.981968370469616,0.86866809,0.6828243405000001,0.0034427005
job_t1,job_q16a,2,24.32513157698334,6.184848166,1.18361071,0.2144141154999999
job_t1,job_q16b,2,446.28415332901136,147.875865954,4.654458922,0.32164047599999956
job_t1,job_q16c,2,55.93910684499095,20.305901345499997,2.4525036225,0.32496701799999816
job_t1,job_q16d,2,54.193114050325754,19.5654289495,2.360679525,0.32343940999999865
job_t1,job_q17a,2,68.43824671755603,23.73264136,2.009938777,0.322112505
job_t1,job_q17b,2,40.977537303910616,8.411292396,1.372537992,0.17606773399999973
job_t1,job_q17c,2,40.41970011350141,7.52833528,0.885802306,0.16850795300000024
job_t1,job_q17d,2,44.79034587984284,14.203534276,1.307733666,0.2944895810000001
job_t1,job_q17e,2,387.8572673817697,126.8449846455,3.2220430425,0.31955698400000027
job_t1,job_q17f,2,66.5331837517506,29.983089338,1.913324702,0.4283290240000001
job_t1,job_q18a,2,3.5839518555016316,1.918318299,1.4602458695,0.1772759150000002
job_t1,job_q18b,2,5.70332602397367,2.8581022110000003,1.4532545904999998,0.29869237499999957
job_t1,job_q18c,2,7.329829990705086,3.6884644735,1.979681413,0.26995718099999977
job_t1,job_q19a,2,11.291802665992417,2.6585847705,1.3466398655,0.12747474350000004
job_t1,job_q19b,2,74.10349216041762,2.0942689655,1.07930019,0.0138839985
job_t1,job_q19c,2,9.564428829689614,2.5380843735000003,1.329806618,0.14108095000000015
job_t1,job_q19d,2,21.692966073431787,3.5378422155,2.171070482,0.06605006400000007
job_t1,job_q1a,2,105.90255576786579,0.3517290745,0.1309211535,0.0021048860000000007
job_t1,job_q1b,2,80.80442469247984,0.3184690465,0.0753669725,0.003046223
job_t1,job_q1c,2,2.0982554759459457,0.21924892499999998,0.170454192,0.044429310000000014
job_t1,job_q1d,2,66.5790405264698,0.324483194,0.0794514045,0.003736434500000001
job_t1,job_q20a,2,45.38959534837011,9.4641540195,1.3704511935,0.18233333199999952
job_t1,job_q20b,2,15.174659054961504,1.475316793,0.9201397645,0.03916686999999999
job_t1,job_q20c,2,35.48827983338368,9.373164688500001,1.780067958,0.22016455350000086
job_t1,job_q21a,2,12.376209449803978,0.320815575,0.1952005965,0.011041901000000003
job_t1,job_q21b,2,8.110281195661834,0.275132621,0.1947197135,0.011309385000000002
job_t1,job_q21c,2,16.373317267010673,0.387446328,0.202133287,0.012054199999999998
job_t1,job_q22a,2,17.28210467071245,1.684944397,0.616236601,0.06563695650000001
job_t1,job_q22b,2,16.565656997913248,1.604033333,0.598839044,0.06457769750000002
job_t1,job_q22c,2,44.2209230772559,2.381799893,0.6636909865,0.03975178650000002
job_t1,job_q22d,2,69.65269072892356,3.3477648305,0.543018604,0.040854133999999986
job_t1,job_q23a,2,13.354769885283837,1.1306911125,0.5433121240000001,0.0475426895
job_t1,job_q23b,2,9.602846134362288,1.0699231574999999,0.5272914585,0.06307583449999993
job_t1,job_q23c,2,9.258963711311267,1.210747546,0.6797368465,0.06429507599999999
job_t1,job_q24a,2,8.533617687112322,2.6973797700000004,1.3255147845000002,0.18209909800000001
job_t1,job_q24b,2,17.833251082486278,2.3320249530000003,0.9956286635,0.07939026650000007
job_t1,job_q25a,2,7.876832201429019,3.836777218,1.8407927255,0.2902476655000002
job_t1,job_q25b,2,11.042434722640962,3.4228023185,1.4439603399999998,0.1970480300000002
job_t1,job_q25c,2,7.0867830277566455,4.250912111,2.529069945,0.2828821330000003
job_t1,job_q26a,2,20.95674073078379,6.7994588975,1.653300089,0.2578656945
job_t1,job_q26b,2,23.544780149838378,5.985603622,1.293755295,0.20811240099999984
job_t1,job_q26c,2,22.74295745833621,6.8038092935000005,1.4786346940000001,0.24491491600000065
job_t1,job_q27a,2,7.0165416151879665,0.26928866500000004,0.20245356050000002,0.0111085585
job_t1,job_q27b,2,7.811748019350662,0.21721294800000002,0.1723449515,0.006586855
job_t1,job_q27c,2,14.507512766334216,0.354618271,0.2029007935,0.011232081
job_t1,job_q28a,2,57.431800460392985,3.042613633,0.619551672,0.04293788150000001
job_t1,job_q28b,2,23.04418427387051,1.5615481225,0.5572427855,0.04555874349999999
job_t1,job_q28c,2,59.18224094563289,3.069260214,0.6417128295,0.041723167500000005
job_t1,job_q29a,2,28.53459398304749,2.726165418,1.0124604465,0.062238251000000015
job_t1,job_q29b,2,15.972081434639097,1.502578412,0.919662056,0.038933554999999995
job_t1,job_q29c,2,25.118202014086172,4.3230060775,1.2482345069999998,0.1274875949999999
job_t1,job_q2a,2,9.857900939524892,0.5923109120000001,0.318443562,0.030917861000000005
job_t1,job_q2b,2,11.530107448795034,0.5815486675,0.30155050949999995,0.026590247000000025
job_t1,job_q2c,2,483.9091055992157,0.543231038,0.0576065345,0.001005623
job_t1,job_q2d,2,25.84592841479852,0.6150844405,0.500770237,0.004600922999999997
job_t1,job_q30a,2,6.354908159306911,3.7941553445,1.7725886924999998,0.37751658700000057
job_t1,job_q30b,2,12.550322983513045,3.5262844355,1.5548163385,0.1706851055000001
job_t1,job_q30c,2,8.116736643647085,4.5108047585,2.004519026,0.35216783450000105
job_t1,job_q31a,2,10.888927522335837,4.101650470499999,1.6959064480000001,0.24327653500000013
job_t1,job_q31b,2,21.351618286233812,3.549859499,1.5206096425,0.0997095085000007
job_t1,job_q31c,2,10.735228268671658,5.7154089025,2.1146294064999998,0.36987109049999867
job_t1,job_q32a,2,2946.5192901134096,0.127335283,0.0142258695,3.84005e-05
job_t1,job_q32b,2,340.1657037485461,0.313062028,0.25227352849999995,0.0001792295
job_t1,job_q33a,2,32.68303736810697,0.594728069,0.14867537,0.014078596499999999
job_t1,job_q33b,2,29.786637339922297,0.4880122315,0.1375150735,0.012175689500000007
job_t1,job_q33c,2,16.16856956377051,0.7816596455,0.28364052799999995,0.03283230600000001
job_t1,job_q3a,2,4.899814669957039,1.810704855,1.1876300125,0.15977037249999979
job_t1,job_q3b,2,0.5045590963064529,0.8511138315,0.8867147575000001,0.07185705850000002
job_t1,job_q3c,2,6.28347823515398,2.1423475745,1.291750779,0.1609918234999998
job_t1,job_q4a,2,8.40375746704615,0.6380786629999999,0.3717893285,0.035966782500000016
job_t1,job_q4b,2,1.8087629356305657,0.2982344375,0.2420855175,0.06942568399999999
job_t1,job_q5a,2,1561.0073102055046,1.7973814264999999,0.0521856485,0.0011187099999999998
job_t1,job_q5b,2,25.036498616661277,1.119982625,0.161681569,0.039868579499999994
job_t1,job_q5c,2,10.597344103874674,2.107034638,1.0433886985,0.11082711299999977
job_t1,job_q6a,2,3.963208935338486,0.6224575765,0.4986366805,0.04178608349999998
job_t1,job_q6b,2,71.94338213224088,0.664455732,0.43424318,0.0032450179999999984
job_t1,job_q6c,2,665.3029368871083,0.608043585,0.38188463949999996,0.0003404455
job_t1,job_q6d,2,-2.5669497131914842,0.868440456,0.8862815145,0.005001769000000001
job_t1,job_q6e,2,42.861738598977766,0.625773801,0.5540607915,0.0017130920000000005
job_t1,job_q6f,2,6.035245238317699,12.6434596325,12.581935552000001,0.012218686000000156
job_t1,job_q7a,2,8.213930130339204,3.1044427245,1.0337358225,0.2870428274999989
job_t1,job_q7b,2,8.516139975845004,2.7823495025,0.9106766165,0.24902049349999988
job_t1,job_q7c,2,8.922165599975383,5.5384404830000005,2.1592302455,0.4265513254999998
job_t1,job_q8a,2,58.003548040929076,1.358815093,0.774872856,0.010243963000000002
job_t1,job_q8b,2,318.5873998148231,1.1885825374999999,0.6046083845,0.0018387825
job_t1,job_q8c,2,3.24551397505069,2.4936733865000003,2.456787358,0.016426541499999996
job_t1,job_q8d,2,11.857387649478415,1.1041532705,1.0708818375,0.0030644050000000005
job_t1,job_q9a,2,6.974411276195721,1.585235347,1.184509567,0.06707368500000002
job_t1,job_q9b,2,52.791848473476165,1.7661980835,0.8307938985000001,0.018060837999999992
job_t1,job_q9c,2,6.988849300031576,1.6877313225,1.2073934575,0.08020536850000004
job_t1,job_q9d,2,3.839156466971366,2.0135215355,1.8874398535,0.04440814849999997
job_t1,job_q10a,4,12.668593058602966,1.3071530065,0.7880466420000001,0.04448748549999999
job_t1,job_q10b,4,8.99590876839665,1.124306791,0.6273230365,0.06215475550000002
job_t1,job_q10c,4,-101.92585475473251,2.174358555,2.7301174635,0.0053996045
job_t1,job_q11a,4,7.261575625615073,0.149143178,0.1019804425,0.007532087500000001
job_t1,job_q11b,4,-11.438374904174198,0.1502022255,0.229519323,0.006376805499999999
job_t1,job_q11c,4,24.986707224214275,0.2231666945,0.1291815345,0.0039182185
job_t1,job_q11d,4,11.482807575741228,0.2379427155,0.141269829,0.0092220415
job_t1,job_q12a,4,8.391531394725938,0.5791031405,0.2257261725,0.047808356500000024
job_t1,job_q12b,4,37.909127003003825,0.49743861899999997,0.268937148,0.0061909205000000005
job_t1,job_q12c,4,7.473583590043893,0.7250600515000001,0.2890557325,0.06735130749999999
job_t1,job_q13a,4,21.168265308084276,3.768822991,0.469672034,0.16358129500000002
job_t1,job_q13b,4,30.38294822595083,1.2029790345,0.223933705,0.033320187
job_t1,job_q13c,4,65.42317519969359,1.066703697,0.1678473335,0.013952375999999997
job_t1,job_q13d,4,6.836990047484666,2.9277766025,1.1261959925,0.3086489089999999
job_t1,job_q14a,4,40.54281477512824,1.925718786,0.189069637,0.04391819749999999
job_t1,job_q14b,4,100.02799074288018,1.72896839,0.1980713105,0.015459236
job_t1,job_q14c,4,36.04458653205131,2.1431962945,0.281612596,0.05312043549999999
job_t1,job_q15a,4,12.250967917062203,1.391749957,0.771684813,0.055112160000000104
job_t1,job_q15b,4,18.09951495250892,1.2793883215,0.6109526445,0.03909091450000013
job_t1,job_q15c,4,10.945327925200976,1.4113797565000001,0.655612179,0.07599222300000003
job_t1,job_q15d,4,6.033701630214872,0.86866809,0.470860152,0.0790289070000001
job_t1,job_q16a,4,21.700833707342863,6.184848166,0.8562715679999999,0.2574087919999996
job_t1,job_q16b,4,260.1152036282908,147.875865954,4.322910182,0.5540120909999994
job_t1,job_q16c,4,35.49967589200322,20.305901345499997,2.138161383,0.5266061054999984
job_t1,job_q16d,4,34.34439310502415,19.5654289495,2.0846719945,0.5242487664999995
job_t1,job_q17a,4,45.258356459116484,23.73264136,1.9838884225000002,0.49140444149999873
job_t1,job_q17b,4,15.061092612870029,8.411292396,1.702411286,0.4771237409999991
job_t1,job_q17c,4,36.12604623904702,7.52833528,0.709954199,0.19411182900000032
job_t1,job_q17d,4,41.276493638504896,14.203534276,1.129249408,0.32461328399999545
job_t1,job_q17e,4,236.13535223734885,126.8449846455,2.847967673,0.5273431484999997
job_t1,job_q17f,4,56.178517244078606,29.983089338,1.730556908,0.512020508000002
job_t1,job_q18a,4,4.014262023886614,1.918318299,1.3126559645,0.20093221149999896
job_t1,job_q18b,4,4.840288616195702,2.8581022110000003,1.477215111,0.3595789894999991
job_t1,job_q18c,4,3.8058815765078036,3.6884644735,2.1808260695,0.5373136259999983
job_t1,job_q19a,4,9.563786107582013,2.6585847705,1.2161186910000001,0.16843789200000006
job_t1,job_q19b,4,65.8348506335418,2.0942689655,1.0824770985,0.015605678999999999
job_t1,job_q19c,4,7.957674044785381,2.5380843735000003,1.091957104,0.2078463665000001
job_t1,job_q19d,4,8.835907327622136,3.5378422155,1.665467945,0.23894798550000027
job_t1,job_q1a,4,27.510635180648123,0.3517290745,0.1179440175,0.008818538500000004
job_t1,job_q1b,4,63.354321689463674,0.3184690465,0.0692560325,0.003996724
job_t1,job_q1c,4,2.1027999873149685,0.21924892499999998,0.167729992,0.046716479500000005
job_t1,job_q1d,4,48.31930609527949,0.324483194,0.0742919925,0.005287296500000001
job_t1,job_q20a,4,38.13526330280073,9.4641540195,1.215792828,0.22211667450000044
job_t1,job_q20b,4,12.349995542678847,1.475316793,0.879465862,0.05249790000000001
job_t1,job_q20c,4,24.859502643645104,9.373164688500001,1.573875253,0.3268839904999996
job_t1,job_q21a,4,11.492844311137793,0.320815575,0.1922455155,0.012253117999999993
job_t1,job_q21b,4,8.192441015503569,0.275132621,0.1900482195,0.0118296975
job_t1,job_q21c,4,15.346832109913196,0.387446328,0.197108255,0.013266905999999997
job_t1,job_q22a,4,15.588369970210863,1.684944397,0.5488675215000001,0.07787551849999996
job_t1,job_q22b,4,15.189540690563799,1.604033333,0.5425735389999999,0.0748057895
job_t1,job_q22c,4,30.03141441281658,2.381799893,0.5620178645,0.0626832025
job_t1,job_q22d,4,33.13291828084037,3.3477648305,0.4163746125,0.09122701500000004
job_t1,job_q23a,4,9.935840932379064,1.1306911125,0.5296700569999999,0.06725959650000006
job_t1,job_q23b,4,9.16626038861927,1.0699231574999999,0.53214294,0.06585391499999996
job_t1,job_q23c,4,7.022338336266618,1.210747546,0.6137005145,0.09913873950000006
job_t1,job_q24a,4,8.08115026622883,2.6973797700000004,1.206220943,0.21058144099999998
job_t1,job_q24b,4,18.072764837013416,2.3320249530000003,0.9660869114999999,0.08000684450000001
job_t1,job_q25a,4,6.245941649409246,3.836777218,1.720303573,0.40344971150000114
job_t1,job_q25b,4,7.552115950520828,3.4228023185,1.45770844,0.2999174454999983
job_t1,job_q25c,4,4.242442917318893,4.250912111,2.430190761,0.5615276494999997
job_t1,job_q26a,4,18.000315821196427,6.7994588975,1.4836640505,0.3126880054999997
job_t1,job_q26b,4,21.606809724948363,5.985603622,1.228638417,0.23084433100000007
job_t1,job_q26c,4,17.337067425134844,6.8038092935000005,1.392159687,0.3312497565000001
job_t1,job_q27a,4,6.821109455858852,0.26928866500000004,0.199463581,0.011995150500000001
job_t1,job_q27b,4,7.697826782383269,0.21721294800000002,0.168847338,0.00722109
job_t1,job_q27c,4,13.339684006382319,0.354618271,0.200923231,0.012455346499999999
job_t1,job_q28a,4,42.47700900134213,3.042613633,0.5556174985,0.05996083600000001
job_t1,job_q28b,4,18.531918996615342,1.5615481225,0.5300390845,0.058836059999999996
job_t1,job_q28c,4,40.138807631255084,3.069260214,0.5639094235,0.06401193449999998
job_t1,job_q29a,4,26.47763684579244,2.726165418,1.00360941,0.06761050950000001
job_t1,job_q29b,4,14.696413030820093,1.502578412,0.9061143549999999,0.04354892449999998
job_t1,job_q29c,4,20.41009806250618,4.3230060775,1.1534622104999999,0.16329355249999994
job_t1,job_q2a,4,7.382663466708657,0.5923109120000001,0.260583582,0.05197318200000002
job_t1,job_q2b,4,8.04932528296654,0.5815486675,0.254377388,0.04641171549999999
job_t1,job_q2c,4,459.4901226357444,0.543231038,0.0420298095,0.0010931560000000005
job_t1,job_q2d,4,6.425390473633152,0.6150844405,0.304394385,0.05726593449999999
job_t1,job_q30a,4,5.611105322378123,3.7941553445,1.711711706,0.45161485000000057
job_t1,job_q30b,4,9.526847645838345,3.5262844355,1.486193583,0.23925499049999996
job_t1,job_q30c,4,6.341662414296174,4.5108047585,1.9293413529999999,0.48326966499999946
job_t1,job_q31a,4,7.79158423382675,4.101650470499999,1.6027691755000002,0.36793790800000026
job_t1,job_q31b,4,17.90159561165152,3.549859499,1.50436031,0.12102402850000069
job_t1,job_q31c,4,10.256656414686956,5.7154089025,1.800460908,0.42293327300000005
job_t1,job_q32a,4,1460.1569831946995,0.127335283,0.0109434375,7.97665e-05
job_t1,job_q32b,4,6.652312114179088,0.313062028,0.18978836500000001,0.0218094225
job_t1,job_q33a,4,29.5060924054574,0.594728069,0.1467754225,0.015714277499999995
job_t1,job_q33b,4,27.93411004259252,0.4880122315,0.1373077365,0.013020831
job_t1,job_q33c,4,12.573496518807707,0.7816596455,0.25309573900000004,0.0456702005
job_t1,job_q3a,4,5.302015761496639,1.810704855,1.080907978,0.16964067950000006
job_t1,job_q3b,4,0.5605098157439684,0.8511138315,0.8840554224999999,0.07495409950000002
job_t1,job_q3c,4,6.7615016785804904,2.1423475745,1.1255479204999999,0.17648170749999983
job_t1,job_q4a,4,8.36028121130898,0.6380786629999999,0.25790244799999995,0.05165240349999998
job_t1,job_q4b,4,1.830725790709757,0.2982344375,0.2381831305,0.07228776049999996
job_t1,job_q5a,4,1484.1301726312997,1.7973814264999999,0.051539957,0.0011771330000000001
job_t1,job_q5b,4,24.30495912071541,1.119982625,0.1634007825,0.041046278500000005
job_t1,job_q5c,4,9.910789494973157,2.107034638,1.0101768485,0.12309322200000015
job_t1,job_q6a,4,4.1773679171383495,0.6224575765,0.480691203,0.044617550499999964
job_t1,job_q6b,4,11.51218557274649,0.664455732,0.4153159195,0.02370009650000003
job_t1,job_q6c,4,506.60516931948246,0.608043585,0.3825257305,0.00044603549999999996
job_t1,job_q6d,4,7.987207152407348,0.868440456,0.5081321125,0.05156686150000012
job_t1,job_q6e,4,71.90091017496536,0.625773801,0.3909460515,0.0033120555
job_t1,job_q6f,4,-8.94205458386973,12.6434596325,12.7891945735,0.014658433000000153
job_t1,job_q7a,4,8.101383755976418,3.1044427245,1.0214712714999998,0.29331909449999843
job_t1,job_q7b,4,8.507374734976903,2.7823495025,0.9086636045,0.2495793754999982
job_t1,job_q7c,4,8.233471676032455,5.5384404830000005,2.1344823935,0.4705842839999983
job_t1,job_q8a,4,23.828907249002665,1.358815093,0.7413193595,0.027048851999999988
job_t1,job_q8b,4,165.1778781204173,1.1885825374999999,0.6029418225000001,0.0035671109999999995
job_t1,job_q8c,4,2.5674604110669925,2.4936733865000003,2.4633061405000003,0.019373533000000005
job_t1,job_q8d,4,6.061648625700263,1.1041532705,1.073628591,0.006030580500000002
job_t1,job_q9a,4,5.103922000376706,1.585235347,0.9950005415000001,0.1438221305000001
job_t1,job_q9b,4,26.22850770280436,1.7661980835,0.7848389035,0.03889881999999999
job_t1,job_q9c,4,5.474772350035044,1.6877313225,0.870594325,0.1826097360000002
job_t1,job_q9d,4,4.272254082367826,2.0135215355,1.376286231,0.19473894400000014
tpch_sf100_t1,tpch_q1,2,inf,30.7170600195,30.6633769335,0.0
tpch_sf100_t1,tpch_q10,2,4.84465251604055,43.088383272,26.99470194,4.185991130499936
tpch_sf100_t1,tpch_q11,2,64.78124403322367,6.298847653,6.17274617,0.001977093499999999
tpch_sf100_t1,tpch_q12,2,-inf,22.1502945215,22.198451875499998,0.0
tpch_sf100_t1,tpch_q13,2,inf,55.303698817,54.781592896,0.0
tpch_sf100_t1,tpch_q14,2,inf,29.632099548,29.604894576,0.0
tpch_sf100_t1,tpch_q15,2,inf,11.722997481,11.6974329775,0.0
tpch_sf100_t1,tpch_q16,2,-inf,12.8869677315,12.908298994999999,0.0
tpch_sf100_t1,tpch_q17,2,-inf,51.672817284000004,51.9321789165,0.0
tpch_sf100_t1,tpch_q18,2,inf,176.110169218,175.696220571,0.0
tpch_sf100_t1,tpch_q19,2,inf,40.861040294000006,40.666267308,0.0
tpch_sf100_t1,tpch_q2,2,3.8497492741922086,9.4234834355,6.6768809744999995,0.9638049515000064
tpch_sf100_t1,tpch_q20,2,14.22249353610594,32.8532930245,22.4205636235,0.7890137645000099
tpch_sf100_t1,tpch_q21,2,8.100163338647963,137.736202603,99.85783696850001,5.334858344500131
tpch_sf100_t1,tpch_q22,2,inf,18.124963204,18.0518342675,0.0
tpch_sf100_t1,tpch_q3,2,-1.273920952364834,45.31311981,45.786920823,0.2083630095000687
tpch_sf100_t1,tpch_q4,2,inf,32.216680172500006,32.0957445015,0.0
tpch_sf100_t1,tpch_q5,2,1.5589277487426043,80.8306174815,72.438070572,15.015441492000262
tpch_sf100_t1,tpch_q6,2,-inf,8.5508013795,8.563445059500001,0.0
tpch_sf100_t1,tpch_q7,2,8.373797908124608,77.87723748650001,22.0203434965,7.575050833500018
tpch_sf100_t1,tpch_q8,2,7.404791639477702,71.7357943335,25.9250927485,7.1525670409999105
tpch_sf100_t1,tpch_q9,2,13.197901126975013,156.574488246,56.3212011405,8.218896518499822
tpch_sf100_t1,tpch_q1,4,inf,30.7170600195,30.6940171455,0.0
tpch_sf100_t1,tpch_q10,4,3.73650463490082,43.088383272,27.422167235,5.724900238499979
tpch_sf100_t1,tpch_q11,4,2.545435704244068,6.298847653,4.1277857005000005,1.4048219195000091
tpch_sf100_t1,tpch_q12,4,4.385908276370474,22.1502945215,15.1175771485,2.077054899000018
tpch_sf100_t1,tpch_q13,4,inf,55.303698817,55.010439417,0.0
tpch_sf100_t1,tpch_q14,4,12.565492632502734,29.632099548,12.026784240000001,1.5222278780000629
tpch_sf100_t1,tpch_q15,4,inf,11.722997481,11.640213262500001,0.0
tpch_sf100_t1,tpch_q16,4,-0.5132053191123898,12.8869677315,12.9090737175,0.01460871550000005
tpch_sf100_t1,tpch_q17,4,4.379631281850701,51.672817284000004,35.101957489499995,4.903156117499817
tpch_sf100_t1,tpch_q18,4,inf,176.110169218,175.67267532900001,0.0
tpch_sf100_t1,tpch_q19,4,4.7845255925745125,40.861040294000006,26.570191508,3.7761268714999803
tpch_sf100_t1,tpch_q2,4,2.144978074628754,9.4234834355,7.2478787615,1.9001278035000058
tpch_sf100_t1,tpch_q20,4,14.420383340705115,32.8532930245,22.311213749,0.7855274329999958
tpch_sf100_t1,tpch_q21,4,5.764607897668488,137.736202603,95.789158842,8.803881591500186
tpch_sf100_t1,tpch_q22,4,inf,18.124963204,17.951143420999998,0.0
tpch_sf100_t1,tpch_q3,4,-0.69264655330217,45.31311981,45.728163735500004,0.24520413000002583
tpch_sf100_t1,tpch_q4,4,inf,32.216680172500006,31.9882523085,0.0
tpch_sf100_t1,tpch_q5,4,1.7990744266792946,80.8306174815,56.0932504365,30.95752563099888
tpch_sf100_t1,tpch_q6,4,-inf,8.5508013795,8.564201432499999,0.0
tpch_sf100_t1,tpch_q7,4,8.46389508127477,77.87723748650001,20.440356277,7.695295898999998
tpch_sf100_t1,tpch_q8,4,6.687528076853668,71.7357943335,22.491123965,8.658360838500172
tpch_sf100_t1,tpch_q9,4,5.153660437326594,156.574488246,55.459021336999996,24.343700799500255
tpcds_sf100_t1,tpcds_q1,2,-inf,6.8801163415,6.9165625219999995,0.0
tpcds_sf100_t1,tpcds_q10,2,24.017568122012364,11.4856586555,11.428828533,0.0024689890000000004
tpcds_sf100_t1,tpcds_q11,2,2.635392131244103,87.26341441599999,78.4173559615,5.409136002000006
tpcds_sf100_t1,tpcds_q12,2,12.76515275840031,2.271544523,1.520221209,0.06386005600000016
tpcds_sf100_t1,tpcds_q13,2,-0.18942405727688216,23.8985072415,25.0599400805,0.9764665779999719
tpcds_sf100_t1,tpcds_q14,2,1.285723289022496,228.975796578,226.6419346285,8.168259428499894
tpcds_sf100_t1,tpcds_q15,2,-0.4673913082819816,1.2574545540000002,1.3020508195,0.030391529000000042
tpcds_sf100_t1,tpcds_q16,2,3.6409512137655233,1.3780604885,1.1127815,0.10044827299999975
tpcds_sf100_t1,tpcds_q17,2,13.798311206167467,27.8280309155,10.490279259,1.3546905819999904
tpcds_sf100_t1,tpcds_q18,2,6.1146070422175,5.762252308,3.0350716889999996,0.533214105499999
tpcds_sf100_t1,tpcds_q19,2,14.186324069683021,14.0152445465,6.687151258,0.5557343540000041
tpcds_sf100_t1,tpcds_q2,2,-inf,16.882001459999998,16.8909362945,0.0
tpcds_sf100_t1,tpcds_q20,2,-1.3109307653889553,0.39294816050000003,0.4255922645,0.014125955000000006
tpcds_sf100_t1,tpcds_q21,2,2.917490045844767,0.9064871295,0.541479357,0.19035706249999987
tpcds_sf100_t1,tpcds_q22,2,0.032007807108767494,39.4017979125,39.868355466,0.48198483099999573
tpcds_sf100_t1,tpcds_q23,2,0.05025136999951951,146.233162547,149.023349149,2.9378158744999654
tpcds_sf100_t1,tpcds_q24,2,16.345705192215682,59.116668116,18.1648159015,2.668619766999915
tpcds_sf100_t1,tpcds_q25,2,10.629242341289405,17.85451716,9.7026951235,0.8465694129999879
tpcds_sf100_t1,tpcds_q26,2,3.722905310526216,3.280646417,1.8795053025000001,0.5145757764999994
tpcds_sf100_t1,tpcds_q27,2,5.852609349612134,44.183885023,23.209694793,4.322249890499934
tpcds_sf100_t1,tpcds_q28,2,-inf,32.0988022975,32.1890420335,0.0
tpcds_sf100_t1,tpcds_q29,2,7.81712507533025,26.0312030485,15.467907368,1.549523525499973
tpcds_sf100_t1,tpcds_q3,2,2.8193691833962276,10.4878984575,6.6889315225,2.0880681995000296
tpcds_sf100_t1,tpcds_q30,2,-0.6779641636516649,1.626116647,1.6513203265,0.015020391999999985
tpcds_sf100_t1,tpcds_q31,2,7.118773483769006,18.7063685345,13.173003769000001,0.9043258064999639
tpcds_sf100_t1,tpcds_q32,2,2.0572572065944907,0.36068814250000003,0.3133193055,0.044803513000000086
tpcds_sf100_t1,tpcds_q33,2,10.075979155697365,11.0184801935,7.6191495190000005,0.37454148099999773
tpcds_sf100_t1,tpcds_q34,2,5.432134034930116,15.260696416,7.979711844500001,1.642771746999931
tpcds_sf100_t1,tpcds_q35,2,inf,24.529130678,24.48166334,0.0
tpcds_sf100_t1,tpcds_q36,2,5.934692259196123,15.775899330000001,9.1373437615,1.3452825869999525
tpcds_sf100_t1,tpcds_q37,2,160.0991644609428,13.606658813,3.265601325,0.06499756000000001
tpcds_sf100_t1,tpcds_q38,2,0.0018742816503749538,33.056174454,33.9253356935,0.870793351499987
tpcds_sf100_t1,tpcds_q39,2,-0.8042944277180686,2.5862004325,2.7165996515,0.07227158550000005
tpcds_sf100_t1,tpcds_q4,2,2.5720908038145547,124.1174610505,113.69339380049999,6.630703026000042
tpcds_sf100_t1,tpcds_q40,2,15.046196757208941,1.965674742,1.516503608,0.031978132000000034
tpcds_sf100_t1,tpcds_q41,2,inf,0.0497977735,0.0495332365,0.0
tpcds_sf100_t1,tpcds_q42,2,10.123759932973545,8.6129862465,4.4306443925,0.45840112899999597
tpcds_sf100_t1,tpcds_q43,2,4.4454737797599275,16.2726375085,11.3733985695,1.4219347619999496
tpcds_sf100_t1,tpcds_q45,2,13.713830220721363,4.0519480935,2.5465032599999997,0.11841001550000121
tpcds_sf100_t1,tpcds_q46,2,4.937946846020603,24.0734708225,13.436661985499999,2.7011052339999893
tpcds_sf100_t1,tpcds_q47,2,-0.21197341326257813,36.2796638935,37.2117381335,0.7690550219999435
tpcds_sf100_t1,tpcds_q48,2,-0.5020156561980047,20.0562646195,21.260489571,0.8017392805000524
tpcds_sf100_t1,tpcds_q49,2,5.760044701294967,10.99084671,9.707569446499999,0.26959353200000113
tpcds_sf100_t1,tpcds_q5,2,7.9365745831844015,21.0929989115,15.9972736755,0.7346169459999786
tpcds_sf100_t1,tpcds_q50,2,12.95460419272994,58.913236308,21.343995084,3.1426587294999964
tpcds_sf100_t1,tpcds_q51,2,0.08341228651361987,68.2297958385,68.91154893699999,0.7437947165000118
tpcds_sf100_t1,tpcds_q52,2,9.935007365620416,8.513713972,4.3930087955,0.46118654499999645
tpcds_sf100_t1,tpcds_q53,2,8.202492529046829,12.620564906,6.1486487185000005,0.898566178499943
tpcds_sf100_t1,tpcds_q55,2,9.951373216944079,8.574688734,4.492150895,0.4560795020000008
tpcds_sf100_t1,tpcds_q56,2,9.785344138094441,10.813980118,6.94788083,0.44006236149999756
tpcds_sf100_t1,tpcds_q57,2,-0.28005576243924035,10.9771162745,11.3244360395,0.2713317459999997
tpcds_sf100_t1,tpcds_q58,2,-inf,33.398550079,33.521524685,0.0
tpcds_sf100_t1,tpcds_q59,2,-inf,32.92911621499999,33.034809895,0.0
tpcds_sf100_t1,tpcds_q6,2,-inf,43.887160603,43.918053625,0.0
tpcds_sf100_t1,tpcds_q60,2,9.915705625527362,13.828212614000002,8.631442671,0.5828781435000119
tpcds_sf100_t1,tpcds_q61,2,7.227327938210666,21.9992651445,11.917396462,1.618971857999963
tpcds_sf100_t1,tpcds_q62,2,-0.46633653696631416,6.873213075,7.1078758445000005,0.16003336450000197
tpcds_sf100_t1,tpcds_q63,2,8.153997020419705,12.5137015885,6.096681555,0.896983883999931
tpcds_sf100_t1,tpcds_q64,2,24.35516940057098,112.5810339455,34.383051284000004,3.3482087550000057
tpcds_sf100_t1,tpcds_q65,2,1.0653447917508148,48.2213587455,47.936784273,4.354967930499971
tpcds_sf100_t1,tpcds_q66,2,7.96063543868374,7.345469889,3.9247532475,0.4914374085000004
tpcds_sf100_t1,tpcds_q67,2,-1.243340730238907,193.22064838,195.156919017,0.8631192804999361
tpcds_sf100_t1,tpcds_q68,2,3.9013725135954838,21.6238448765,14.112134466,2.589019636499976
tpcds_sf100_t1,tpcds_q69,2,6.774644387031011,10.9984027225,10.865062586,0.023090623000000025
tpcds_sf100_t1,tpcds_q7,2,7.605595622968853,22.171768014500003,10.881237227,1.7092373544999913
tpcds_sf100_t1,tpcds_q70,2,1.5809524170714229,33.943303086,31.6876596395,3.882664707499939
tpcds_sf100_t1,tpcds_q71,2,5.9929959841547245,12.8908639985,11.346490491499999,0.3093079809999991
tpcds_sf100_t1,tpcds_q72,2,13.154401272962621,57.011286087,25.752609473,2.571798965000004
tpcds_sf100_t1,tpcds_q73,2,5.1643224819572096,14.3012686255,7.7404443015,1.5754842119999428
tpcds_sf100_t1,tpcds_q74,2,2.4750345424219624,63.7658937135,56.5018269915,4.924675669000006
tpcds_sf100_t1,tpcds_q75,2,4.423735420765569,45.218139182499996,32.6057118315,3.683820681499908
tpcds_sf100_t1,tpcds_q76,2,inf,15.709697098500001,15.5275726035,0.0
tpcds_sf100_t1,tpcds_q77,2,9.49809837353819,13.987529886499999,8.485962538999999,0.6473880514999756
tpcds_sf100_t1,tpcds_q78,2,0.38596904803931864,82.918859294,83.5002890005,0.9469061854999687
tpcds_sf100_t1,tpcds_q79,2,4.32456914535587,23.6926391255,14.1807261875,2.8610964374999703
tpcds_sf100_t1,tpcds_q8,2,15.002392364467633,16.111390221,10.2484861245,0.41870731399997496
tpcds_sf100_t1,tpcds_q80,2,15.74064716020135,30.418421803,15.238500284,1.0298002084999809
tpcds_sf100_t1,tpcds_q81,2,0.16739172194742058,2.2834798985,2.304150359,0.024826152999999997
tpcds_sf100_t1,tpcds_q82,2,4.867002906246196,7.27240849,7.020874342,0.0650462785000002
tpcds_sf100_t1,tpcds_q83,2,22.56332544196131,3.587441891,0.923704752,0.12353090650000029
tpcds_sf100_t1,tpcds_q84,2,114.68505113205644,4.1132724960000004,1.429163664,0.023610042000000005
tpcds_sf100_t1,tpcds_q85,2,-0.3952614550794973,6.991751625,7.28537828,0.21044561500000003
tpcds_sf100_t1,tpcds_q86,2,-0.3995866532150625,4.7731142955,4.978475734,0.14673006350000084
tpcds_sf100_t1,tpcds_q87,2,-0.14784274119784158,34.9220491595,35.926914669,0.875438309999995
tpcds_sf100_t1,tpcds_q88,2,7.951656937435945,53.610512048000004,25.630928318,4.0248798209999155
tpcds_sf100_t1,tpcds_q89,2,8.235759434521142,14.3170450085,7.345100581500001,0.9635401079999277
tpcds_sf100_t1,tpcds_q9,2,inf,30.566105970000002,30.529889209,0.0
tpcds_sf100_t1,tpcds_q90,2,9.183429269570917,4.1364696265,1.7466052964999998,0.292037024000002
tpcds_sf100_t1,tpcds_q91,2,6.035126647279739,0.40687667699999996,0.191061703,0.04286187600000001
tpcds_sf100_t1,tpcds_q92,2,11.092896942852626,3.9678328579999995,2.9512686275,0.10072075800000002
tpcds_sf100_t1,tpcds_q93,2,356.5181904914438,42.2029085165,27.610605194,0.041045166499999924
tpcds_sf100_t1,tpcds_q94,2,7.160941604068922,4.5913651295,3.6983794995,0.1449430440000012
tpcds_sf100_t1,tpcds_q95,2,7.293809962289102,133.569512977,132.756956558,0.1291040600000008
tpcds_sf100_t1,tpcds_q96,2,10.357559747588956,6.7094131935,3.6611165625,0.32575764549998365
tpcds_sf100_t1,tpcds_q97,2,-inf,35.744293196,35.834655414500006,0.0
tpcds_sf100_t1,tpcds_q98,2,13.346288133562124,7.958222746000001,4.9234519720000005,0.24580430500000122
tpcds_sf100_t1,tpcds_q99,2,0.001994549165858839,7.219267009499999,7.4519549135,0.23315293900000048
tpcds_sf100_t1,tpcds_q1,4,-0.391242908122001,6.8801163415,6.965938717,0.06168755650000002
tpcds_sf100_t1,tpcds_q10,4,13.291479207001581,11.4856586555,5.500153792500001,0.4869637544999859
tpcds_sf100_t1,tpcds_q11,4,1.8778348314815612,87.26341441599999,76.77379471200001,11.949422975500045
tpcds_sf100_t1,tpcds_q12,4,8.588180298401827,2.271544523,1.4303555895,0.11085515899999977
tpcds_sf100_t1,tpcds_q13,4,1.1143593618554988,23.8985072415,22.824344809000003,9.392868367499961
tpcds_sf100_t1,tpcds_q14,4,1.0424475447802581,228.975796578,228.494361798,11.341875778499897
tpcds_sf100_t1,tpcds_q15,4,-0.8331136728960677,1.2574545540000002,1.3182174585,0.033147374000000084
tpcds_sf100_t1,tpcds_q16,4,3.580940037816968,1.3780604885,1.10278136,0.10665847499999997
tpcds_sf100_t1,tpcds_q17,4,7.622625326578247,27.8280309155,11.034746231,2.535744339499981
tpcds_sf100_t1,tpcds_q18,4,5.0072387302726025,5.762252308,2.9544060385,0.7006935344999994
tpcds_sf100_t1,tpcds_q19,4,13.135780944822807,14.0152445465,6.4473784485,0.6235994314999971
tpcds_sf100_t1,tpcds_q2,4,-inf,16.882001459999998,16.88677524,0.0
tpcds_sf100_t1,tpcds_q20,4,-1.1083729117033227,0.39294816050000003,0.42613700200000004,0.01574144750000001
tpcds_sf100_t1,tpcds_q21,4,2.2814293917746578,0.9064871295,0.58337847,0.2521470644999997
tpcds_sf100_t1,tpcds_q22,4,-0.2987670136603269,39.4017979125,40.041546663,0.4925816130000003
tpcds_sf100_t1,tpcds_q23,4,0.27840620210631395,146.233162547,148.39817759599998,3.000323804499983
tpcds_sf100_t1,tpcds_q24,4,8.219091451625708,59.116668116,18.6139552415,5.61050003949998
tpcds_sf100_t1,tpcds_q25,4,7.1685975990727275,17.85451716,9.4785685885,1.357836758999985
tpcds_sf100_t1,tpcds_q26,4,3.393918512130406,3.280646417,1.9053203455,0.5745083070000006
tpcds_sf100_t1,tpcds_q27,4,5.810969162193417,44.183885023,23.1017793145,4.382091216499972
tpcds_sf100_t1,tpcds_q28,4,-inf,32.0988022975,32.1875906545,0.0
tpcds_sf100_t1,tpcds_q29,4,4.044687019056604,26.0312030485,16.258859108499998,3.209638257999984
tpcds_sf100_t1,tpcds_q3,4,2.8705312954029694,10.4878984575,6.5737459755,2.0925351485000268
tpcds_sf100_t1,tpcds_q30,4,1.3640455420439515,1.626116647,1.546766594,0.21796738000000004
tpcds_sf100_t1,tpcds_q31,4,2.8488928083233933,18.7063685345,12.604421828,3.30032475599997
tpcds_sf100_t1,tpcds_q32,4,1.253133234114599,0.36068814250000003,0.3421242915,0.07333628500000022
tpcds_sf100_t1,tpcds_q33,4,5.467627282752469,11.0184801935,7.5630853909999995,0.7734295149999979
tpcds_sf100_t1,tpcds_q34,4,5.165461818459775,15.260696416,7.921550129,1.7619045874999113
tpcds_sf100_t1,tpcds_q35,4,11.162437480601028,24.529130678,16.1183507275,0.827634114999994
tpcds_sf100_t1,tpcds_q36,4,4.128206574061575,15.775899330000001,9.3856943555,2.0427694984999474
tpcds_sf100_t1,tpcds_q37,4,18.77617014022269,13.606658813,1.874682707,0.6599833379999944
tpcds_sf100_t1,tpcds_q38,4,1.9592750198993194,33.056174454,28.819131245,4.416922280999977
tpcds_sf100_t1,tpcds_q39,4,-0.6551763258826158,2.5862004325,2.708641987,0.07397493099999995
tpcds_sf100_t1,tpcds_q4,4,1.7394512409684326,124.1174610505,113.320616653,14.601157992999994
tpcds_sf100_t1,tpcds_q40,4,31.82734894014205,1.965674742,0.2489968165,0.05568684899999999
tpcds_sf100_t1,tpcds_q41,4,inf,0.0497977735,0.049496577,0.0
tpcds_sf100_t1,tpcds_q42,4,10.135006525794749,8.6129862465,4.3670448005,0.4647989504999944
tpcds_sf100_t1,tpcds_q43,4,2.697474500066201,16.2726375085,11.1578316765,3.013185666000004
tpcds_sf100_t1,tpcds_q45,4,4.6756716224241845,4.0519480935,2.621130202,0.3892670615000001
tpcds_sf100_t1,tpcds_q46,4,4.7052806890025565,24.0734708225,12.8536149645,3.028071770999981
tpcds_sf100_t1,tpcds_q47,4,-0.24701510388515335,36.2796638935,37.2544643555,0.7817070209999428
tpcds_sf100_t1,tpcds_q48,4,0.8486999324432407,20.0562646195,21.3671006035,8.663816250500009
tpcds_sf100_t1,tpcds_q49,4,4.356025800029219,10.99084671,9.575251136,0.42180711900000134
tpcds_sf100_t1,tpcds_q5,4,7.789592041141441,21.0929989115,16.043674229,0.7436860199999772
tpcds_sf100_t1,tpcds_q50,4,7.783370771812883,58.913236308,14.984828051000001,6.475896679499941
tpcds_sf100_t1,tpcds_q51,4,1.9280539221168556,68.2297958385,65.519909111,2.9199668929999714
tpcds_sf100_t1,tpcds_q52,4,9.80560762358968,8.513713972,4.4159701909999995,0.4653561634999948
tpcds_sf100_t1,tpcds_q53,4,7.138827996352952,12.620564906,6.220500355,1.042554792999942
tpcds_sf100_t1,tpcds_q55,4,9.758576952412223,8.574688734,4.494124793999999,0.465893484999999
tpcds_sf100_t1,tpcds_q56,4,9.597210463649146,10.813980118,6.720421541,0.4761496294999925
tpcds_sf100_t1,tpcds_q57,4,-0.587143252686996,10.9771162745,11.4113551545,0.27359778599999995
tpcds_sf100_t1,tpcds_q58,4,-inf,33.398550079,33.495949112000005,0.0
tpcds_sf100_t1,tpcds_q59,4,-inf,32.92911621499999,32.946635394,0.0
tpcds_sf100_t1,tpcds_q6,4,-inf,43.887160603,44.10875708499999,0.0
tpcds_sf100_t1,tpcds_q60,4,4.28618600686262,13.828212614000002,8.9976531535,1.4699592324999955
tpcds_sf100_t1,tpcds_q61,4,6.791660205553231,21.9992651445,11.691072373,1.7798338309999906
tpcds_sf100_t1,tpcds_q62,4,-0.3705688191343466,6.873213075,7.092326141,0.15987016699999962
tpcds_sf100_t1,tpcds_q63,4,7.051162044364605,12.5137015885,6.1582195765000005,1.0502911614999313
tpcds_sf100_t1,tpcds_q64,4,18.2380654302206,112.5810339455,20.282183023,5.354362488999951
tpcds_sf100_t1,tpcds_q65,4,1.23169730319206,48.2213587455,45.454060194,11.943594134999977
tpcds_sf100_t1,tpcds_q66,4,5.8796742152910335,7.345469889,3.949016488,0.6960410164999979
tpcds_sf100_t1,tpcds_q67,4,-0.16143732678787037,193.22064838,201.621585197,7.233224405000016
tpcds_sf100_t1,tpcds_q68,4,4.342567051771461,21.6238448765,12.577164871,2.7065066654999574
tpcds_sf100_t1,tpcds_q69,4,12.771061964444973,10.9984027225,5.2011857865,0.4924973594999973
tpcds_sf100_t1,tpcds_q7,4,7.145748475991322,22.171768014500003,10.9050303715,1.8332571999999812
tpcds_sf100_t1,tpcds_q70,4,1.8136169810636518,33.943303086,26.656634536,8.955895365499929
tpcds_sf100_t1,tpcds_q71,4,8.941801339419886,12.8908639985,6.9736431544999995,0.7450728859999699
tpcds_sf100_t1,tpcds_q72,4,10.051818140680943,57.011286087,25.596639983,3.4705343850000023
tpcds_sf100_t1,tpcds_q73,4,5.047549131877896,14.3012686255,7.6853810295,1.6345416399999326
tpcds_sf100_t1,tpcds_q74,4,1.8090457429182485,63.7658937135,54.971859547,10.869637772000003
tpcds_sf100_t1,tpcds_q75,4,3.30212301939564,45.218139182499996,31.7927106665,5.831759815999963
tpcds_sf100_t1,tpcds_q76,4,3.2613642068171056,15.709697098500001,11.169616629,2.0076732689999606
tpcds_sf100_t1,tpcds_q77,4,5.505778015086108,13.987529886499999,8.677685552,1.1784522709999785
tpcds_sf100_t1,tpcds_q78,4,2.357267436941156,82.918859294,71.8242197045,8.17424723200002
tpcds_sf100_t1,tpcds_q79,4,3.157470003868239,23.6926391255,15.0588807125,4.00179765999995
tpcds_sf100_t1,tpcds_q8,4,7.3411551397983486,16.111390221,10.397233158999999,0.9011224195000084
tpcds_sf100_t1,tpcds_q80,4,13.754453264801288,30.418421803,11.459064148,1.486489248999995
tpcds_sf100_t1,tpcds_q81,4,0.5543570672629727,2.2834798985,2.4367151590000002,0.343852105
tpcds_sf100_t1,tpcds_q82,4,2.930687001023577,7.27240849,3.9904193525,1.699907409000016
tpcds_sf100_t1,tpcds_q83,4,16.53303551280719,3.587441891,0.937637209,0.17059155499999998
tpcds_sf100_t1,tpcds_q84,4,15.237569710497272,4.1132724960000004,0.698434854,0.239846947999999
tpcds_sf100_t1,tpcds_q85,4,-0.22336384748048266,6.991751625,7.2584132415,0.2179740859999983
tpcds_sf100_t1,tpcds_q86,4,-0.4340305672498499,4.7731142955,4.9816416155,0.14541344150000146
tpcds_sf100_t1,tpcds_q87,4,1.958119573685586,34.9220491595,30.736308172999998,4.368704179999961
tpcds_sf100_t1,tpcds_q88,4,7.708700533160433,53.610512048000004,25.312117296,4.218163355499904
tpcds_sf100_t1,tpcds_q89,4,6.284761892512412,14.3170450085,7.4051397955,1.3078934024999245
tpcds_sf100_t1,tpcds_q9,4,inf,30.566105970000002,30.565410358999998,0.0
tpcds_sf100_t1,tpcds_q90,4,9.137922186152393,4.1364696265,1.7389687775,0.294608475500002
tpcds_sf100_t1,tpcds_q91,4,5.905022684313719,0.40687667699999996,0.185110941,0.04521196949999999
tpcds_sf100_t1,tpcds_q92,4,12.136534293718402,3.9678328579999995,1.8931491225000001,0.18629527649999977
tpcds_sf100_t1,tpcds_q93,4,245.0781787402583,42.2029085165,27.7635284235,0.05915883250000001
tpcds_sf100_t1,tpcds_q94,4,7.257801701661168,4.5913651295,3.6806365815,0.14553490050000176
tpcds_sf100_t1,tpcds_q95,4,73.29915734198912,133.569512977,9.3724224305,1.7178221035000938
tpcds_sf100_t1,tpcds_q96,4,10.37558551610984,6.7094131935,3.648874139,0.3264371114999858
tpcds_sf100_t1,tpcds_q97,4,-0.419492832199152,35.744293196,36.899498976000004,0.81381586000001
tpcds_sf100_t1,tpcds_q98,4,8.367222818662775,7.958222746000001,4.6912812509999995,0.44344274299999853
tpcds_sf100_t1,tpcds_q99,4,0.24627816018509674,7.219267009499999,9.6362486825,3.2067289884999957
