label,benchmark,sf,threads,geomean_speedup_med_c2_vs_c1,geomean_speedup_min_c2_vs_c1,geomean_speedup_med_c3_vs_c1,geomean_speedup_min_c3_vs_c1,geomean_speedup_med_c4_vs_c1,geomean_speedup_min_c4_vs_c1,sum_median_c1,sum_min_c1,sum_median_c2,sum_min_c2,sum_median_c3,sum_min_c3,sum_median_c4,sum_min_c4
appian_t1,appian,0,1,1.0013322311246446,0.9975362915770826,0.9267579337972548,0.9271248279931189,1.0043880688980142,1.0012927898231576,98.615,96.86000000000001,98.75,97.41,106.38,104.32,98.565,97.13
job_t1,job,0,1,2.5268776704282505,1.6415897998854447,2.509466559952274,1.6352005267994099,2.7818803944520085,1.720309399853236,663.0500000000001,198.94,126.21499999999999,100.03,130.06,102.63000000000001,117.31,95.88
tpch_sf10_t1,tpch,10,1,1.2475828705615544,1.1811757351635557,1.1895584576720157,1.1324047662157604,1.4272007560274167,1.3374074713119926,110.25999999999999,97.05999999999999,83.15499999999999,79.89,90.70500000000001,86.89,74.34500000000001,72.42999999999999
tpch_sf20_t1,tpch,20,1,1.244028404722379,1.18354469323741,1.1722879874575896,1.1201461783635283,1.414089461369479,1.329463066256152,224.515,198.32000000000002,170.665,163.75000000000003,188.40499999999997,180.23,153.9,149.53
tpch_sf50_t1,tpch,50,1,1.2472213012344904,1.1860974661297221,1.1492961148491085,1.092421279076115,1.418518498613519,1.3282943320759064,576.125,509.21999999999997,437.8,420.59999999999997,498.405,478.91999999999996,396.31000000000006,386.28
tpch_sf100_t1,tpch,100,1,1.249650529329899,1.1889952587914787,1.136719315610814,1.085492230396386,1.4226843318575526,1.336754952343987,1174.145,1040.58,891.6550000000002,860.1800000000002,1031.61,989.96,809.3050000000001,785.9699999999999
tpcds_sf10_t1,tpcds,10,1,1.4283622443009623,1.2253695591993539,1.4188268622620024,1.2128370774826678,1.5503714307697847,1.3215371023472695,953.185,664.48,638.9900000000001,626.6700000000001,640.6,628.59,612.5,601.86
tpcds_sf20_t1,tpcds,20,1,1.4158353983506438,1.2172420861702622,1.4050530408629671,1.2071737415750632,1.5636981528976037,1.3447886102638262,871.945,755.3500000000001,720.2349999999999,703.4099999999999,726.945,708.1399999999999,685.4399999999998,670.0400000000001
tpcds_sf50_t1,tpcds,50,1,1.4749388669922403,1.2518755315011867,1.4526073041239356,1.2385510665243415,1.6186125456512253,1.3736175014647316,1867.2500000000005,1491.32,1391.92,1346.59,1417.3700000000001,1363.35,1301.4599999999996,1263.6299999999999
tpcds_sf100_t1,tpcds,100,1,1.4823813294852626,1.2565709320873317,1.457056664574238,1.2379034924590566,1.6519692725931854,1.3921641980492225,4122.5650000000005,3126.3900000000003,2921.9150000000004,2808.25,2987.7799999999997,2866.49,2710.6250000000005,2620.7999999999997
appian_t8,appian,0,8,1.0052009445628032,1.0142497525343208,0.8505858568199648,0.8330732289077135,0.9949397118245843,0.9966420558492055,16.53,16.21,16.53,16.009999999999998,19.299999999999997,19.0,16.68,16.229999999999997
job_t8,job,0,8,1.9100625657214276,1.394393446759025,1.887489145923624,1.38588627886448,2.114621266031576,1.475546472667037,111.84499999999998,45.82999999999999,34.50000000000001,29.290000000000003,35.730000000000004,29.900000000000002,31.505,27.779999999999998
tpch_sf10_t8,tpch,10,8,1.2106840717036904,1.1571629687019678,1.1109737752560909,1.064112879089229,1.3128270641579458,1.2702543060749982,18.53,16.56,14.65,13.900000000000002,16.745,15.77,13.43,12.79
tpch_sf20_t8,tpch,20,8,1.2380984265900374,1.1875316439767425,1.1621548640772121,1.0993466634936253,1.3599965841736847,1.2737417615886846,34.475,30.61,26.43,24.869999999999997,29.700000000000003,28.250000000000004,24.425,23.360000000000003
tpch_sf50_t8,tpch,50,8,1.2620184166462578,1.1958929478892286,1.1572341388251612,1.1157337197630977,1.3919499005071594,1.3276245723513855,84.885,75.59,63.21,61.26,72.465,69.44000000000001,57.96999999999999,56.32
tpch_sf100_t8,tpch,100,8,1.2684180064053565,1.2115280895769591,1.1592178793659973,1.1105162612079813,1.3854065695974214,1.3256785929117245,170.75,151.88,126.88,122.24,145.25,140.09,117.58999999999997,112.91
tpcds_sf10_t8,tpcds,10,8,1.2764757595434177,1.127815189750731,1.2612236708336408,1.1186650033218115,1.2901960672962065,1.160002446020273,489.4449999999999,450.90999999999985,448.3049999999999,443.95999999999987,449.955,444.9799999999999,439.1799999999999,433.45000000000005
tpcds_sf20_t8,tpcds,20,8,1.2557171978597161,1.1194651203498174,1.2343255221806264,1.1044372309478279,1.2820386238466108,1.144682278604058,407.47499999999997,390.17,387.995,383.88999999999993,391.395,386.39,385.5449999999999,381.43999999999994
tpcds_sf50_t8,tpcds,50,8,1.3414760260632237,1.1593408235438118,1.3135562551120643,1.143282675452607,1.396079813385657,1.2077972909738754,582.8199999999999,530.61,519.76,512.67,529.88,519.93,511.57500000000005,504.62
tpcds_sf100_t8,tpcds,100,8,1.3956947626800258,1.1857563017088242,1.3597521409995095,1.1536098203813234,1.480721675489415,1.239808572034516,1357.8300000000002,945.32,925.55,905.08,947.9250000000001,924.23,889.305,870.6400000000001
appian_t64,appian,0,64,0.9969830487210694,0.9969103835509311,0.8467340777589564,0.8530638383054816,0.9934433229548603,0.9915871971486409,6.4750000000000005,6.28,6.49,6.279999999999999,7.535,7.25,6.52,6.34
job_t64,job,0,64,1.5654146141895784,1.1997497220875841,1.5629467280004217,1.1878599074669998,1.5757899026726758,1.233808626379831,63.75000000000001,38.5,34.93,31.38,35.175000000000004,31.650000000000002,34.68000000000001,30.450000000000003
tpch_sf10_t64,tpch,10,64,1.0085298012950898,0.9999971658152567,0.9599693165775413,0.9563675716199256,0.997670261434408,1.0158652446412029,11.639999999999999,11.23,11.545,11.21,12.43,11.940000000000001,11.705000000000002,11.129999999999999
tpch_sf20_t64,tpch,20,64,1.0140245881684498,1.0060433003475449,0.964505261423908,0.9630550612598093,1.0002706148478595,0.9916524959074388,18.310000000000002,17.77,18.040000000000003,17.679999999999996,19.394999999999996,18.81,18.345,17.97
tpch_sf50_t64,tpch,50,64,1.0129149254919627,1.009752264394206,0.965512399187788,0.9684199103578288,1.0087466811173176,1.0044464169868041,40.47,39.38,39.82999999999999,38.89,42.68,41.08,40.08,39.13
tpch_sf100_t64,tpch,100,64,1.0172186797772966,1.013418472919038,0.9654095745585459,0.9744786319431122,1.0169311277266326,1.0080745109930325,76.155,74.0,74.93,73.03,80.455,76.67999999999999,74.94,73.65
tpcds_sf10_t64,tpcds,10,64,1.0552140856826657,1.0161134920079413,1.044818629571742,1.0071996738361968,1.0212552318068266,0.9877699549151576,446.46,437.57,440.85999999999996,437.28,441.7849999999999,436.78,435.335,430.85
tpcds_sf20_t64,tpcds,20,64,1.0295010706375884,0.9970665659382628,0.9136845344007026,0.9827949415925289,0.8818428116133948,0.9509333574905343,372.29,366.46,372.19500000000005,367.8099999999999,380.145,368.67999999999995,383.65000000000003,372.02000000000004
tpcds_sf50_t64,tpcds,50,64,1.0429112742687545,1.00040808682081,1.0381532890049456,0.9951771198430619,1.0106414696513835,0.9661192440052946,483.57,472.6,482.895,476.90999999999997,483.7250000000001,478.03999999999996,490.24999999999994,483.94
tpcds_sf100_t64,tpcds,100,64,1.0673693557449184,0.9939328792217308,1.0497497939199525,0.9752041665678192,1.0369557767425646,0.9651616081313051,884.83,793.6299999999999,818.8700000000001,805.3600000000001,824.865,812.3900000000001,817.7599999999999,805.2399999999999
