label,query,pattern,fastest,slowest,c1_over_best
appian_t1,q01,4~1~2~3,4,3,1.0036900369003692
appian_t1,q02,1~4~2<3,1,3,1.0
appian_t1,q03,4~2<1~3,4,3,1.07001647446458
appian_t1,q04,1~2~4<3,1,3,1.0
appian_t1,q05,4~2~1~3,4,3,1.0051867219917012
appian_t1,q06,1~4~2<3,1,3,1.0
appian_t1,q07,1~4~2<3,1,3,1.0
appian_t1,q08,4~2~1~3,4,3,1.001855913615657
job_t1,10a,4<3~2<1,4,1,1.6607142857142858
job_t1,10b,4<2~3<1,4,1,1.7720588235294117
job_t1,10c,1~2~3<4,1,4,1.0
job_t1,11a,2~3~4<1,2,1,1.2857142857142856
job_t1,11b,1<4~2~3,1,3,1.0
job_t1,11c,4<2~3<1,4,1,1.625
job_t1,11d,4<2~3<1,4,1,1.527777777777778
job_t1,12a,4<3~2<1,4,1,2.314814814814815
job_t1,12b,4~2~3<1,4,1,1.8032786885245904
job_t1,12c,4<2~3<1,4,1,2.3484848484848486
job_t1,13a,4<2~3<1,4,1,7.6116504854368925
job_t1,13b,4<3~2<1,4,1,4.846153846153846
job_t1,13c,4<2~3<1,4,1,5.6000000000000005
job_t1,13d,2~4<3<1,2,1,2.5811965811965814
job_t1,14a,4~2~3<1,4,1,8.847826086956522
job_t1,14b,2~3~4<1,2,1,7.604166666666668
job_t1,14c,4<2~3<1,4,1,7.046874999999999
job_t1,15a,4<2~3<1,4,1,1.7951807228915664
job_t1,15b,4~3~2<1,4,1,2.0751879699248117
job_t1,15c,4<3~2<1,4,1,2.126760563380282
job_t1,15d,4<3~2<1,4,1,1.7864077669902914
job_t1,16a,4<2~3<1,4,1,6.815217391304347
job_t1,16b,4<2~3<1,4,1,39.036088474970896
job_t1,16c,4<2~3<1,4,1,9.212189616252823
job_t1,16d,4<2~3<1,4,1,9.106481481481481
job_t1,17a,4~2<3<1,4,1,11.600973236009734
job_t1,17b,2~3<4<1,2,1,8.608247422680412
job_t1,17c,4<3~2<1,4,1,15.921568627450979
job_t1,17d,4<2~3<1,4,1,13.076271186440678
job_t1,17e,4<2<3<1,4,1,40.72408293460926
job_t1,17f,4<2~3<1,4,1,17.692520775623265
job_t1,18a,4<3~2<1,4,1,1.449640287769784
job_t1,18b,2~3~4<1,2,1,1.9245901639344263
job_t1,18c,2~3<4<1,2,1,1.839328537170264
job_t1,19a,4<3~2<1,4,1,2.1517509727626454
job_t1,19b,2~4~3<1,2,1,1.943231441048035
job_t1,19c,4<2~3<1,4,1,2.28448275862069
job_t1,19d,4<2~3<1,4,1,2.0919540229885056
job_t1,1a,4<2~3<1,4,1,2.6
job_t1,1b,4<2~3<1,4,1,3.5999999999999996
job_t1,1c,2~3~4<1,2,1,1.2142857142857144
job_t1,1d,2~4~3<1,2,1,3.3636363636363638
job_t1,20a,4<3~2<1,4,1,7.4186046511627906
job_t1,20b,4~2~3<1,4,1,1.661290322580645
job_t1,20c,4<2~3<1,4,1,5.728096676737161
job_t1,21a,2~3~4<1,2,1,1.5416666666666667
job_t1,21b,4~2~3<1,4,1,1.391304347826087
job_t1,21c,4~2~3<1,4,1,1.8125
job_t1,22a,4<2~3<1,4,1,2.9833333333333334
job_t1,22b,4<2~3<1,4,1,2.898305084745763
job_t1,22c,4<2~3<1,4,1,4.0737704918032795
job_t1,22d,4<2~3<1,4,1,7.66304347826087
job_t1,23a,4~2~3<1,4,1,2.1120689655172415
job_t1,23b,3~2~4<1,3,1,2.0086206896551726
job_t1,23c,4<3~2<1,4,1,1.947761194029851
job_t1,24a,4<2~3<1,4,1,2.20703125
job_t1,24b,4~2~3<1,4,1,2.3883495145631066
job_t1,25a,4<3~2<1,4,1,2.2144846796657385
job_t1,25b,3~2~4<1,3,1,2.334426229508197
job_t1,25c,4~3~2<1,4,1,1.754980079681275
job_t1,26a,4<2~3<1,4,1,4.437699680511183
job_t1,26b,4<2~3<1,4,1,4.688461538461538
job_t1,26c,4<2~3<1,4,1,4.700680272108844
job_t1,27a,4~2~3<1,4,1,1.2857142857142858
job_t1,27b,2~3~4<1,2,1,1.238095238095238
job_t1,27c,4~2~3<1,4,1,1.6666666666666667
job_t1,28a,4<3~2<1,4,1,5.3
job_t1,28b,4~2~3<1,4,1,2.870689655172414
job_t1,28c,4<2~3<1,4,1,5.254098360655738
job_t1,29a,4~2~3<1,4,1,2.665116279069767
job_t1,29b,4~3~2<1,4,1,1.6615384615384616
job_t1,29c,4<2~3<1,4,1,3.6544715447154466
job_t1,2a,4<2~3<1,4,1,2.1166666666666667
job_t1,2b,4<2~3<1,4,1,2.1551724137931036
job_t1,2c,4<2~3<1,4,1,7.312499999999999
job_t1,2d,4<2~3<1,4,1,1.9411764705882353
job_t1,30a,4~3~2<1,4,1,2.1983240223463687
job_t1,30b,4~3~2<1,4,1,2.3322683706070286
job_t1,30c,4~3~2<1,4,1,2.328358208955224
job_t1,31a,4<3~2<1,4,1,2.5119047619047623
job_t1,31b,4~3~2<1,4,1,2.32807570977918
job_t1,31c,4<2~3<1,4,1,3.13262599469496
job_t1,32a,4<2~3<1,4,1,4.124999999999999
job_t1,32b,4<2~3<1,4,1,1.5555555555555554
job_t1,33a,2~3~4<1,2,1,3.3684210526315788
job_t1,33b,4~2~3<1,4,1,3.1176470588235294
job_t1,33c,4<3~2<1,4,1,2.8620689655172415
job_t1,3a,4<3~2<1,4,1,1.6186440677966103
job_t1,3b,1<2~3~4,1,4,1.0
job_t1,3c,4<3~2<1,4,1,1.8408163265306121
job_t1,4a,4<3~2<1,4,1,2.2833333333333337
job_t1,4b,2~3~4<1,2,1,1.1964285714285714
job_t1,4c,4<2~3<1,4,1,2.602941176470588
job_t1,5a,2~4<3<1,2,1,23.625
job_t1,5b,2~3~4<1,2,1,6.05
job_t1,5c,4~2~3<1,4,1,1.9909909909909909
job_t1,6a,4~2~3<1,4,1,1.2830188679245282
job_t1,6b,4~3~2<1,4,1,1.5869565217391304
job_t1,6c,2~3~4<1,2,1,1.5647058823529414
job_t1,6d,4<1~2~3,4,3,1.7090909090909088
job_t1,6e,4<3~2<1,4,1,1.5632183908045978
job_t1,6f,2~1~4<3,2,3,1.003929273084479
job_t1,7a,3~4~2<1,3,1,2.9128440366972472
job_t1,7b,2~4~3<1,2,1,2.9329896907216493
job_t1,7c,4~2~3<1,4,1,2.4255319148936176
job_t1,8a,4~2~3<1,4,1,1.810126582278481
job_t1,8b,2~4~3<1,2,1,1.9307692307692306
job_t1,8c,2~4~1<3,2,3,1.0157170923379175
job_t1,8d,2~4~1~3,2,3,1.026431718061674
job_t1,9a,4<3~2<1,4,1,1.568720379146919
job_t1,9b,4~3~2<1,4,1,2.1964285714285716
job_t1,9c,4<2~3<1,4,1,1.9243243243243242
job_t1,9d,4<2~3<1,4,1,1.4636678200692044
tpch_sf10_t1,Q01,2~3~1~4,2,4,1.003154574132492
tpch_sf10_t1,Q02,2~3~4<1,2,1,1.3379310344827586
tpch_sf10_t1,Q03,1~2~4<3,1,3,1.0
tpch_sf10_t1,Q04,1~2~4<3,1,3,1.0
tpch_sf10_t1,Q05,4<2<3<1,4,1,1.6968085106382977
tpch_sf10_t1,Q06,1~2~3~4,1,4,1.0
tpch_sf10_t1,Q07,4<2~3<1,4,1,3.748768472906403
tpch_sf10_t1,Q08,4<2~3<1,4,1,3.1956043956043954
tpch_sf10_t1,Q09,4<2<3<1,4,1,3.065506653019448
tpch_sf10_t1,Q10,2~4~3<1,2,1,1.6085343228200368
tpch_sf10_t1,Q11,4<1~3~2,4,2,1.446808510638298
tpch_sf10_t1,Q12,4<2~1<3,4,3,1.3190184049079754
tpch_sf10_t1,Q13,3~2~1~4,3,4,1.0425963488843812
tpch_sf10_t1,Q14,4<2~1~3,4,3,2.361538461538461
tpch_sf10_t1,Q15,4~1~2~3,4,3,1.0081967213114753
tpch_sf10_t1,Q16,2~1~3~4,2,4,1.0040485829959516
tpch_sf10_t1,Q17,4<2~3~1,4,1,1.406832298136646
tpch_sf10_t1,Q18,1~4~2<3,1,3,1.0
tpch_sf10_t1,Q19,4<2~1<3,4,3,1.5551470588235294
tpch_sf10_t1,Q20,2~3~4<1,2,1,1.3702928870292885
tpch_sf10_t1,Q21,4<2<3<1,4,1,1.4878934624697335
tpch_sf10_t1,Q22,3~4~1~2,3,2,1.0071428571428571
tpch_sf20_t1,Q01,2~4~3~1,2,1,1.0023166023166024
tpch_sf20_t1,Q02,3~2<4<1,3,1,1.3682310469314078
tpch_sf20_t1,Q03,1~2~4<3,1,3,1.0
tpch_sf20_t1,Q04,2~4~1<3,2,3,1.0121555915721232
tpch_sf20_t1,Q05,4<2<3<1,4,1,1.5822906641000962
tpch_sf20_t1,Q06,1~2~3~4,1,4,1.0
tpch_sf20_t1,Q07,4<2~3<1,4,1,3.3849765258215965
tpch_sf20_t1,Q08,4<2~3<1,4,1,3.1835164835164833
tpch_sf20_t1,Q09,4<2<3<1,4,1,2.9134385461501675
tpch_sf20_t1,Q10,2~4~3<1,2,1,1.598181818181818
tpch_sf20_t1,Q11,4<2~3~1,4,1,1.4831460674157304
tpch_sf20_t1,Q12,4<2~1<3,4,3,1.3266871165644174
tpch_sf20_t1,Q13,2~4~3~1,2,1,1.0080798479087454
tpch_sf20_t1,Q14,4<2~1~3,4,3,2.3703703703703702
tpch_sf20_t1,Q15,4~2~3~1,4,1,1.0097847358121332
tpch_sf20_t1,Q16,2~3~1~4,2,4,1.001996007984032
tpch_sf20_t1,Q17,4<2~3~1,4,1,1.4318862275449105
tpch_sf20_t1,Q18,4~1~2<3,4,3,1.0039156626506023
tpch_sf20_t1,Q19,4<2~1<3,4,3,1.534798534798535
tpch_sf20_t1,Q20,2~3~4<1,2,1,1.3530010172939981
tpch_sf20_t1,Q21,4~2<3<1,4,1,1.473258167100318
tpch_sf20_t1,Q22,1~2~4<3,1,3,1.0
tpch_sf50_t1,Q01,2~1~3~4,2,4,1.000622277535781
tpch_sf50_t1,Q02,3~2<4<1,3,1,1.3922734026745915
tpch_sf50_t1,Q03,1~2~4<3,1,3,1.0
tpch_sf50_t1,Q04,1~4~2<3,1,3,1.0
tpch_sf50_t1,Q05,4<2<3<1,4,1,1.5421860885275525
tpch_sf50_t1,Q06,1~2~3~4,1,4,1.0
tpch_sf50_t1,Q07,4<2~3<1,4,1,3.591799544419134
tpch_sf50_t1,Q08,4<2~3<1,4,1,3.126820908311911
tpch_sf50_t1,Q09,4~2<3<1,4,1,2.7663652802893313
tpch_sf50_t1,Q10,2~4~3<1,2,1,1.58067940552017
tpch_sf50_t1,Q11,4<2~3~1,4,1,1.5175644028103048
tpch_sf50_t1,Q12,4<2~1<3,4,3,1.4071294559099436
tpch_sf50_t1,Q13,2~4~1<3,2,3,1.004950495049505
tpch_sf50_t1,Q14,4<2~1~3,4,3,2.389937106918239
tpch_sf50_t1,Q15,1~4~2~3,1,3,1.0
tpch_sf50_t1,Q16,3~4~2~1,3,1,1.0038880248833593
tpch_sf50_t1,Q17,4<2~3~1,4,1,1.4624277456647399
tpch_sf50_t1,Q18,2~1~4<3,2,3,1.00588339118668
tpch_sf50_t1,Q19,4<2~1<3,4,3,1.5257163850110214
tpch_sf50_t1,Q20,3~4~2<1,3,1,1.4164222873900296
tpch_sf50_t1,Q21,4~2<3<1,4,1,1.4469540666739058
tpch_sf50_t1,Q22,2~4~1<3,2,3,1.0066066066066068
tpch_sf100_t1,Q01,2~4~1~3,2,3,1.0020833333333334
tpch_sf100_t1,Q02,3~2<4<1,3,1,1.4228486646884273
tpch_sf100_t1,Q03,1~4~2<3,1,3,1.0
tpch_sf100_t1,Q04,4~2~1<3,4,3,1.0069081977279706
tpch_sf100_t1,Q05,4<2<3<1,4,1,1.4566717146222445
tpch_sf100_t1,Q06,1~4~2~3,1,3,1.0
tpch_sf100_t1,Q07,4<2~3<1,4,1,3.748068368063685
tpch_sf100_t1,Q08,4<2~3<1,4,1,3.1120855614973264
tpch_sf100_t1,Q09,4~2<3<1,4,1,2.749804670544318
tpch_sf100_t1,Q10,2~4~3<1,2,1,1.5760598503740648
tpch_sf100_t1,Q11,4<3~2~1,4,1,1.5099882491186838
tpch_sf100_t1,Q12,4<1~2<3,4,3,1.4477279949157928
tpch_sf100_t1,Q13,2~4~1<3,2,3,1.0090522313750339
tpch_sf100_t1,Q14,4<2~1~3,4,3,2.3950471698113205
tpch_sf100_t1,Q15,4~2~1~3,4,3,1.0069246435845214
tpch_sf100_t1,Q16,3~4~1~2,3,2,1.0068912710566615
tpch_sf100_t1,Q17,4<1~3~2,4,2,1.4643057110862263
tpch_sf100_t1,Q18,2~4~1<3,2,3,1.0025417266796577
tpch_sf100_t1,Q19,4<2~1<3,4,3,1.5093828942619993
tpch_sf100_t1,Q20,3~4~2<1,3,1,1.460203860333984
tpch_sf100_t1,Q21,4~2<3~1,4,1,1.4331971240883463
tpch_sf100_t1,Q22,4~2~1<3,4,3,1.0096631695196026
tpcds_sf10_t1,Q01,1~2~4<3,1,3,1.0
tpcds_sf10_t1,Q02,1~2~3~4,1,4,1.0
tpcds_sf10_t1,Q03,2~3~4<1,2,1,1.4390243902439028
tpcds_sf10_t1,Q04,3~2~4~1,3,1,1.0550918196994992
tpcds_sf10_t1,Q05,2~4<3<1,2,1,1.3109756097560976
tpcds_sf10_t1,Q06,1~2~3~4,1,4,1.0
tpcds_sf10_t1,Q07,2~3~4<1,2,1,1.8496240601503757
tpcds_sf10_t1,Q08,2~3~4<1,2,1,1.3369565217391304
tpcds_sf10_t1,Q09,1~2~3~4,1,4,1.0
tpcds_sf10_t1,Q10,4<2~1~3,4,3,1.7500000000000002
tpcds_sf10_t1,Q11,3~2~4<1,3,1,1.0945273631840797
tpcds_sf10_t1,Q12,1~2~3~4,1,4,1.0
tpcds_sf10_t1,Q13,4~1~2~3,4,3,1.0171755725190839
tpcds_sf10_t1,Q14,3~1~2~4,3,4,1.0046772684752105
tpcds_sf10_t1,Q15,1~2~3~4,1,4,1.0
tpcds_sf10_t1,Q16,1~2~3~4,1,4,1.0
tpcds_sf10_t1,Q17,2~3~4<1,2,1,2.252032520325203
tpcds_sf10_t1,Q18,2~3~4<1,2,1,1.875
tpcds_sf10_t1,Q19,3~4<2<1,3,1,1.8170731707317074
tpcds_sf10_t1,Q20,1~2~3~4,1,4,1.0
tpcds_sf10_t1,Q21,2~3~4<1,2,1,1.3225806451612903
tpcds_sf10_t1,Q22,1~3~4~2,1,2,1.0
tpcds_sf10_t1,Q23,1~3~2~4,1,4,1.0
tpcds_sf10_t1,Q24,4<2~3<1,4,1,3.2589743589743594
tpcds_sf10_t1,Q25,2~4<3<1,2,1,1.7699115044247788
tpcds_sf10_t1,Q26,2~3~4<1,2,1,1.6451612903225807
tpcds_sf10_t1,Q27,2~3~4<1,2,1,2.052434456928839
tpcds_sf10_t1,Q28,1~2~3~4,1,4,1.0
tpcds_sf10_t1,Q29,2~3~4<1,2,1,1.6415094339622645
tpcds_sf10_t1,Q30,1~2~3~4,1,4,1.0
tpcds_sf10_t1,Q31,4<2~3<1,4,1,1.423611111111111
tpcds_sf10_t1,Q32,1~2~3~4,1,4,1.0
tpcds_sf10_t1,Q33,2~3~4<1,2,1,1.4301075268817205
tpcds_sf10_t1,Q34,2~3~4<1,2,1,1.7378640776699028
tpcds_sf10_t1,Q35,4<1~2<3,4,3,1.1388888888888888
tpcds_sf10_t1,Q36,2~3<4<1,2,1,1.6165413533834585
tpcds_sf10_t1,Q37,4<3~2<1,4,1,41.81707317073172
tpcds_sf10_t1,Q38,4<1~2~3,4,3,1.12109375
tpcds_sf10_t1,Q39,1~2~3<4,1,4,1.0
tpcds_sf10_t1,Q40,4<2~3<1,4,1,2.8181818181818183
tpcds_sf10_t1,Q41,1~2~3~4,1,4,1.0
tpcds_sf10_t1,Q42,2~3~4<1,2,1,1.5806451612903225
tpcds_sf10_t1,Q43,3<2~4<1,3,1,1.673469387755102
tpcds_sf10_t1,Q44,4<3~2~1,4,1,1.0919062463918716
tpcds_sf10_t1,Q45,2~3~4<1,2,1,1.2682926829268293
tpcds_sf10_t1,Q46,4~2~3<1,4,1,1.6446540880503147
tpcds_sf10_t1,Q47,1~3~4~2,1,2,1.0
tpcds_sf10_t1,Q48,1~4~2~3,1,3,1.0
tpcds_sf10_t1,Q49,2~3~4<1,2,1,1.1769911504424782
tpcds_sf10_t1,Q50,4<3~2<1,4,1,4.045112781954888
tpcds_sf10_t1,Q51,4~1~3~2,4,2,1.0332618025751072
tpcds_sf10_t1,Q52,2~3~4<1,2,1,1.6612903225806452
tpcds_sf10_t1,Q53,2~3~4<1,2,1,1.7560975609756098
tpcds_sf10_t1,Q54,1~2~3~4,1,4,1.0
tpcds_sf10_t1,Q55,2~3~4<1,2,1,1.5806451612903225
tpcds_sf10_t1,Q56,2~3~4<1,2,1,1.4301075268817205
tpcds_sf10_t1,Q57,1~2~3~4,1,4,1.0
tpcds_sf10_t1,Q58,1~2~3~4,1,4,1.0
tpcds_sf10_t1,Q59,1~2~3~4,1,4,1.0
tpcds_sf10_t1,Q60,2~3~4<1,2,1,1.407079646017699
tpcds_sf10_t1,Q61,4<2~3<1,4,1,1.6865671641791042
tpcds_sf10_t1,Q62,1~2~3~4,1,4,1.0
tpcds_sf10_t1,Q63,2~3~4<1,2,1,1.7560975609756098
tpcds_sf10_t1,Q64,4<2<3<1,4,1,4.37551867219917
tpcds_sf10_t1,Q65,4<2~3~1,4,1,1.0859538784067087
tpcds_sf10_t1,Q66,2~3~4<1,2,1,1.7692307692307692
tpcds_sf10_t1,Q67,3~1~2~4,3,4,1.012861736334405
tpcds_sf10_t1,Q68,4~2~3<1,4,1,1.651006711409396
tpcds_sf10_t1,Q69,4<1~2~3,4,3,1.8472222222222223
tpcds_sf10_t1,Q70,4<2~3<1,4,1,1.2473867595818815
tpcds_sf10_t1,Q71,4<2~3<1,4,1,1.7560975609756098
tpcds_sf10_t1,Q72,3~4~2<1,3,1,61.12369791666667
tpcds_sf10_t1,Q73,2~3~4<1,2,1,1.7826086956521738
tpcds_sf10_t1,Q74,2~3~4<1,2,1,1.099616858237548
tpcds_sf10_t1,Q75,2~3~4<1,2,1,1.3553459119496853
tpcds_sf10_t1,Q76,4<3~1~2,4,2,1.3432835820895521
tpcds_sf10_t1,Q77,2~3~4<1,2,1,1.5922330097087378
tpcds_sf10_t1,Q78,4<1~2<3,4,3,1.2248427672955975
tpcds_sf10_t1,Q79,2~3<4<1,2,1,1.5609756097560976
tpcds_sf10_t1,Q80,4<2~3<1,4,1,2.2083333333333335
tpcds_sf10_t1,Q81,1~2~3~4,1,4,1.0
tpcds_sf10_t1,Q82,4<2~3<1,4,1,38.88461538461538
tpcds_sf10_t1,Q83,2~3~4<1,2,1,2.428571428571429
tpcds_sf10_t1,Q84,4<2~3<1,4,1,2.428571428571429
tpcds_sf10_t1,Q85,1~2~3~4,1,4,1.0
tpcds_sf10_t1,Q86,1<2~3~4,1,4,1.0
tpcds_sf10_t1,Q87,4<1~3~2,4,2,1.108303249097473
tpcds_sf10_t1,Q88,4~2~3<1,4,1,2.0563909774436087
tpcds_sf10_t1,Q89,2~3~4<1,2,1,1.6559139784946235
tpcds_sf10_t1,Q90,2~3~4<1,2,1,1.6451612903225807
tpcds_sf10_t1,Q91,1~2~3~4,1,4,1.0
tpcds_sf10_t1,Q92,4<2~3<1,4,1,1.6451612903225807
tpcds_sf10_t1,Q93,2~3~4<1,2,1,1.3496240601503757
tpcds_sf10_t1,Q94,2~1~3~4,2,4,1.0196078431372548
tpcds_sf10_t1,Q95,4<1~2<3,4,3,12.106796116504855
tpcds_sf10_t1,Q96,2~3~4<1,2,1,1.5769230769230769
tpcds_sf10_t1,Q97,1~2~3~4,1,4,1.0
tpcds_sf10_t1,Q98,4<2~3<1,4,1,1.6612903225806452
tpcds_sf10_t1,Q99,1~2~3<4,1,4,1.0
tpcds_sf20_t1,Q01,1<2~4<3,1,3,1.0
tpcds_sf20_t1,Q02,1~2~3~4,1,4,1.0
tpcds_sf20_t1,Q03,2~3~4<1,2,1,1.5134228187919463
tpcds_sf20_t1,Q04,2~3~4~1,2,1,1.0608655403841705
tpcds_sf20_t1,Q05,2~4<3<1,2,1,1.2893081761006286
tpcds_sf20_t1,Q06,3~1~2~4,3,4,1.0079491255961843
tpcds_sf20_t1,Q07,2~3~4<1,2,1,1.8943089430894309
tpcds_sf20_t1,Q08,2~3~4<1,2,1,1.5743589743589743
tpcds_sf20_t1,Q09,1~2~3~4,1,4,1.0
tpcds_sf20_t1,Q10,4<1~2~3,4,3,1.8496240601503757
tpcds_sf20_t1,Q11,2~3~4<1,2,1,1.0839064649243466
tpcds_sf20_t1,Q12,2~3~4<1,2,1,1.2682926829268293
tpcds_sf20_t1,Q13,1~4~2~3,1,3,1.0
tpcds_sf20_t1,Q14,3~2~1~4,3,4,1.0021364835993465
tpcds_sf20_t1,Q15,1~2~3~4,1,4,1.0
tpcds_sf20_t1,Q16,3<1~2~4,3,4,1.3225806451612903
tpcds_sf20_t1,Q17,2~3~4<1,2,1,2.267699115044248
tpcds_sf20_t1,Q18,4<2~3<1,4,1,1.8472222222222223
tpcds_sf20_t1,Q19,2~3~4<1,2,1,1.766233766233766
tpcds_sf20_t1,Q20,1~2~3~4,1,4,1.0
tpcds_sf20_t1,Q21,1~2~3~4,1,4,1.0
tpcds_sf20_t1,Q22,1~2~3~4,1,4,1.0
tpcds_sf20_t1,Q23,1~2~3~4,1,4,1.0
tpcds_sf20_t1,Q24,2~3<4<1,2,1,2.108626198083067
tpcds_sf20_t1,Q25,4~2~3<1,4,1,1.5619047619047621
tpcds_sf20_t1,Q26,3~2~4<1,3,1,1.5922330097087378
tpcds_sf20_t1,Q27,2~4~3<1,2,1,2.3056092843326885
tpcds_sf20_t1,Q28,1~2~3~4,1,4,1.0
tpcds_sf20_t1,Q29,3<2~4<1,3,1,1.4453781512605042
tpcds_sf20_t1,Q30,4<1~2~3,4,3,1.1388888888888888
tpcds_sf20_t1,Q31,4~2~3<1,4,1,1.4569288389513109
tpcds_sf20_t1,Q32,2~3~4<1,2,1,1.4545454545454546
tpcds_sf20_t1,Q33,2~3~4<1,2,1,1.4057142857142857
tpcds_sf20_t1,Q34,2~3<4<1,2,1,2.0461538461538464
tpcds_sf20_t1,Q35,4<2~1~3,4,3,1.4634146341463414
tpcds_sf20_t1,Q36,4<1~2~3,4,3,1.1214285714285714
tpcds_sf20_t1,Q37,4<2~3<1,4,1,74.95238095238096
tpcds_sf20_t1,Q38,4<1~2~3,4,3,1.106029106029106
tpcds_sf20_t1,Q39,1~2~3~4,1,4,1.0
tpcds_sf20_t1,Q40,4<2~3<1,4,1,4.181818181818182
tpcds_sf20_t1,Q41,1~2~3~4,1,4,1.0
tpcds_sf20_t1,Q42,2~3~4<1,2,1,1.8398058252427185
tpcds_sf20_t1,Q43,4<1~2~3,4,3,1.1554878048780488
tpcds_sf20_t1,Q44,1~2~3~4,1,4,1.0
tpcds_sf20_t1,Q45,2<3~4<1,2,1,1.43859649122807
tpcds_sf20_t1,Q46,2~3~4<1,2,1,1.650887573964497
tpcds_sf20_t1,Q47,1~2~4~3,1,3,1.0
tpcds_sf20_t1,Q48,1~4~2~3,1,3,1.0
tpcds_sf20_t1,Q49,2~3~4<1,2,1,1.4953703703703702
tpcds_sf20_t1,Q50,4<3~2<1,4,1,2.3468834688346885
tpcds_sf20_t1,Q51,4~1~2~3,4,3,1.035810205908684
tpcds_sf20_t1,Q52,2~3~4<1,2,1,1.8398058252427185
tpcds_sf20_t1,Q53,2~3~4<1,2,1,1.8541666666666667
tpcds_sf20_t1,Q54,1~2~3~4,1,4,1.0
tpcds_sf20_t1,Q55,4<2~3<1,4,1,1.8932038834951455
tpcds_sf20_t1,Q56,4<2~3<1,4,1,1.5324675324675323
tpcds_sf20_t1,Q57,1~2~3<4,1,4,1.0
tpcds_sf20_t1,Q58,1~2~3~4,1,4,1.0
tpcds_sf20_t1,Q59,1~2~3~4,1,4,1.0
tpcds_sf20_t1,Q60,4<2~3<1,4,1,1.6400000000000001
tpcds_sf20_t1,Q61,2~3~4<1,2,1,1.801498127340824
tpcds_sf20_t1,Q62,1~2~3~4,1,4,1.0
tpcds_sf20_t1,Q63,2~3~4<1,2,1,1.8541666666666667
tpcds_sf20_t1,Q64,4<2<3<1,4,1,3.4002347417840375
tpcds_sf20_t1,Q65,1~2~3<4,1,4,1.0
tpcds_sf20_t1,Q66,2~3~4<1,2,1,1.7634408602150535
tpcds_sf20_t1,Q67,1~3~2~4,1,4,1.0
tpcds_sf20_t1,Q68,4<2~3<1,4,1,1.687394957983193
tpcds_sf20_t1,Q69,4<2~3~1,4,1,2.088495575221239
tpcds_sf20_t1,Q70,4<2~3<1,4,1,1.2386980108499095
tpcds_sf20_t1,Q71,4<2~3<1,4,1,1.7195121951219514
tpcds_sf20_t1,Q72,4<2~3<1,4,1,19.06709956709957
tpcds_sf20_t1,Q73,2~3~4<1,2,1,1.8247126436781609
tpcds_sf20_t1,Q74,3~2~4<1,3,1,1.1272727272727272
tpcds_sf20_t1,Q75,3~4~2<1,3,1,1.3821138211382114
tpcds_sf20_t1,Q76,4<1~2~3,4,3,1.3739837398373984
tpcds_sf20_t1,Q77,2~3<4<1,2,1,1.5794871794871796
tpcds_sf20_t1,Q78,4<1~2~3,4,3,1.1466763005780347
tpcds_sf20_t1,Q79,2~3~4<1,2,1,1.6198083067092652
tpcds_sf20_t1,Q80,4<2~3<1,4,1,2.4319066147859925
tpcds_sf20_t1,Q81,1~2~3<4,1,4,1.0
tpcds_sf20_t1,Q82,4<2~3<1,4,1,43.21951219512195
tpcds_sf20_t1,Q83,2~3~4<1,2,1,2.6451612903225805
tpcds_sf20_t1,Q84,4<2~3<1,4,1,3.1904761904761902
tpcds_sf20_t1,Q85,1~2~4~3,1,3,1.0
tpcds_sf20_t1,Q86,1<2~3~4,1,4,1.0
tpcds_sf20_t1,Q87,4<1~2~3,4,3,1.1169590643274856
tpcds_sf20_t1,Q88,4~2~3<1,4,1,2.047438330170778
tpcds_sf20_t1,Q89,2~3~4<1,2,1,1.8414634146341464
tpcds_sf20_t1,Q90,2~3~4<1,2,1,2.2439024390243905
tpcds_sf20_t1,Q91,1~2~3~4,1,4,1.0
tpcds_sf20_t1,Q92,4<2~3<1,4,1,2.1219512195121952
tpcds_sf20_t1,Q93,2~3~4<1,2,1,1.467479674796748
tpcds_sf20_t1,Q94,2~3~4<1,2,1,1.2560975609756098
tpcds_sf20_t1,Q95,4<2~1<3,4,3,11.899999999999999
tpcds_sf20_t1,Q96,2~3~4<1,2,1,1.6559139784946235
tpcds_sf20_t1,Q97,1~2~3~4,1,4,1.0
tpcds_sf20_t1,Q98,2~3~4<1,2,1,1.5398230088495577
tpcds_sf20_t1,Q99,1<2~3<4,1,4,1.0
tpcds_sf50_t1,Q01,1~2~4<3,1,3,1.0
tpcds_sf50_t1,Q02,1~2~3~4,1,4,1.0
tpcds_sf50_t1,Q03,2~3~4<1,2,1,1.5558739255014324
tpcds_sf50_t1,Q04,4~2~3~1,4,1,1.0475050961623682
tpcds_sf50_t1,Q05,2~4<3~1,2,1,1.3024691358024694
tpcds_sf50_t1,Q06,2~1~4~3,2,3,1.0062656641604009
tpcds_sf50_t1,Q07,2~3~4<1,2,1,1.9546232876712328
tpcds_sf50_t1,Q08,2~3~4<1,2,1,1.6141078838174274
tpcds_sf50_t1,Q09,4~1~2~3,4,3,1.0029022895840052
tpcds_sf50_t1,Q10,4<1~2~3,4,3,2.0268456375838926
tpcds_sf50_t1,Q11,2~3~4<1,2,1,1.07906488048332
tpcds_sf50_t1,Q12,2~3~4<1,2,1,1.3780487804878048
tpcds_sf50_t1,Q13,4~1<3~2,4,2,1.0033361134278567
tpcds_sf50_t1,Q14,1~2~3~4,1,4,1.0
tpcds_sf50_t1,Q15,1~2~3~4,1,4,1.0
tpcds_sf50_t1,Q16,2~3~4<1,2,1,1.1388888888888888
tpcds_sf50_t1,Q17,2~3~4<1,2,1,2.266485998193315
tpcds_sf50_t1,Q18,2~4<3<1,2,1,1.7500000000000002
tpcds_sf50_t1,Q19,2~3~4<1,2,1,1.8537604456824515
tpcds_sf50_t1,Q20,1~2~3~4,1,4,1.0
tpcds_sf50_t1,Q21,1~2~3~4,1,4,1.0
tpcds_sf50_t1,Q22,1~2~3~4,1,4,1.0
tpcds_sf50_t1,Q23,1~4~2~3,1,3,1.0
tpcds_sf50_t1,Q24,2~3~4<1,2,1,2.541644562334217
tpcds_sf50_t1,Q25,4~2~3<1,4,1,1.5738188976377951
tpcds_sf50_t1,Q26,2~3~4<1,2,1,1.6893203883495145
tpcds_sf50_t1,Q27,3~4~2<1,3,1,2.118240516545601
tpcds_sf50_t1,Q28,1~2~3~4,1,4,1.0
tpcds_sf50_t1,Q29,2~3~4<1,2,1,1.4426981008513426
tpcds_sf50_t1,Q30,1~2~3~4,1,4,1.0
tpcds_sf50_t1,Q31,4~2~3<1,4,1,1.467987804878049
tpcds_sf50_t1,Q32,2~3<1~4,2,4,1.4761904761904763
tpcds_sf50_t1,Q33,2~4~3<1,2,1,1.4243902439024392
tpcds_sf50_t1,Q34,2~3~4<1,2,1,1.8603104212860313
tpcds_sf50_t1,Q35,4<2~1~3,4,3,1.4677187948350072
tpcds_sf50_t1,Q36,3~2<4<1,3,1,1.7482578397212543
tpcds_sf50_t1,Q37,4<2~3<1,4,1,135.2439024390244
tpcds_sf50_t1,Q38,4<1~2~3,4,3,1.0968
tpcds_sf50_t1,Q39,1<2~3~4,1,4,1.0
tpcds_sf50_t1,Q40,4<2~3<1,4,1,4.904761904761905
tpcds_sf50_t1,Q41,1~2~3~4,1,4,1.0
tpcds_sf50_t1,Q42,2~3~4<1,2,1,1.8333333333333333
tpcds_sf50_t1,Q43,3~2<4<1,3,1,1.7868480725623581
tpcds_sf50_t1,Q44,4~1~2~3,4,3,1.0005785028346639
tpcds_sf50_t1,Q45,2~3<4<1,2,1,1.5467625899280573
tpcds_sf50_t1,Q46,4~2~3<1,4,1,1.7681058495821729
tpcds_sf50_t1,Q47,1~4~2~3,1,3,1.0
tpcds_sf50_t1,Q48,1~2~4~3,1,3,1.0
tpcds_sf50_t1,Q49,2~3~4<1,2,1,1.4990439770554491
tpcds_sf50_t1,Q50,4<2~3<1,4,1,2.779083431257344
tpcds_sf50_t1,Q51,4~1~2~3,4,3,1.0162374020156775
tpcds_sf50_t1,Q52,2~3~4<1,2,1,1.8333333333333333
tpcds_sf50_t1,Q53,2~3~4<1,2,1,2.0
tpcds_sf50_t1,Q54,1~2~3~4,1,4,1.0
tpcds_sf50_t1,Q55,4~2~3<1,4,1,1.796812749003984
tpcds_sf50_t1,Q56,4~2~3<1,4,1,1.524324324324324
tpcds_sf50_t1,Q57,1~3~2~4,1,4,1.0
tpcds_sf50_t1,Q58,4~3~1~2,4,2,1.0030807147258165
tpcds_sf50_t1,Q59,1~2~4~3,1,3,1.0
tpcds_sf50_t1,Q60,4~2~3<1,4,1,1.6403712296983761
tpcds_sf50_t1,Q61,4~2~3<1,4,1,1.7099173553719007
tpcds_sf50_t1,Q62,1~2~3~4,1,4,1.0
tpcds_sf50_t1,Q63,2~3~4<1,2,1,1.9664634146341464
tpcds_sf50_t1,Q64,4<2<3<1,4,1,4.5131707317073175
tpcds_sf50_t1,Q65,1~2~3<4,1,4,1.0
tpcds_sf50_t1,Q66,2~3~4<1,2,1,1.774891774891775
tpcds_sf50_t1,Q67,1~2~3~4,1,4,1.0
tpcds_sf50_t1,Q68,4<2~3<1,4,1,1.727272727272727
tpcds_sf50_t1,Q69,4<1~2~3,4,3,1.996389891696751
tpcds_sf50_t1,Q70,4<2~3<1,4,1,1.2607585703865791
tpcds_sf50_t1,Q71,4<2~3<1,4,1,1.7657894736842106
tpcds_sf50_t1,Q72,4<2~3<1,4,1,20.465162574651625
tpcds_sf50_t1,Q73,2~4~3<1,2,1,1.8231707317073171
tpcds_sf50_t1,Q74,2~4~3<1,2,1,1.0918187168922895
tpcds_sf50_t1,Q75,4~3~2<1,4,1,1.395489199491741
tpcds_sf50_t1,Q76,4<1~2~3,4,3,1.3669803250641575
tpcds_sf50_t1,Q77,2~3~4<1,2,1,1.5974025974025974
tpcds_sf50_t1,Q78,4<1~2<3,4,3,1.1484856982613574
tpcds_sf50_t1,Q79,3~2~4<1,3,1,1.645586297760211
tpcds_sf50_t1,Q80,4<2~3<1,4,1,2.547107438016529
tpcds_sf50_t1,Q81,1~2~3~4,1,4,1.0
tpcds_sf50_t1,Q82,4<2~3<1,4,1,60.25242718446602
tpcds_sf50_t1,Q83,2~3~4<1,2,1,3.5384615384615383
tpcds_sf50_t1,Q84,4<2~3<1,4,1,3.878048780487805
tpcds_sf50_t1,Q85,1<2~4~3,1,3,1.0
tpcds_sf50_t1,Q86,1~2~3~4,1,4,1.0
tpcds_sf50_t1,Q87,4<1~3~2,4,2,1.0819061801935963
tpcds_sf50_t1,Q88,4~2~3<1,4,1,2.1012066952121446
tpcds_sf50_t1,Q89,2~3~4<1,2,1,1.9131578947368422
tpcds_sf50_t1,Q90,2~3~4<1,2,1,1.9911504424778763
tpcds_sf50_t1,Q91,2~3~4<1,2,1,1.4761904761904763
tpcds_sf50_t1,Q92,4<2~3<1,4,1,2.03883495145631
tpcds_sf50_t1,Q93,2~4<3<1,2,1,1.6729383506805444
tpcds_sf50_t1,Q94,2~3~4<1,2,1,1.235897435897436
tpcds_sf50_t1,Q95,4<2~1<3,4,3,12.548780487804878
tpcds_sf50_t1,Q96,2~3~4<1,2,1,1.751219512195122
tpcds_sf50_t1,Q97,2~1~3~4,2,4,1.0002855511136493
tpcds_sf50_t1,Q98,4~2~3<1,4,1,1.634241245136187
tpcds_sf50_t1,Q99,1~2~3<4,1,4,1.0
tpcds_sf100_t1,Q01,1~2~4<3,1,3,1.0
tpcds_sf100_t1,Q02,1~2~3~4,1,4,1.0
tpcds_sf100_t1,Q03,4~3~2<1,4,1,1.5675090252707582
tpcds_sf100_t1,Q04,2~4<3~1,2,1,1.088154629750555
tpcds_sf100_t1,Q05,2~4<3~1,2,1,1.3065868263473055
tpcds_sf100_t1,Q06,1~2~4<3,1,3,1.0
tpcds_sf100_t1,Q07,2~3~4<1,2,1,1.9770065075921905
tpcds_sf100_t1,Q08,2~3~4<1,2,1,1.5521126760563382
tpcds_sf100_t1,Q09,1~3~2~4,1,4,1.0
tpcds_sf100_t1,Q10,4<2~1~3,4,3,2.042314335060449
tpcds_sf100_t1,Q11,4~2~3<1,4,1,1.1283251073649125
tpcds_sf100_t1,Q12,4<2~3<1,4,1,1.5
tpcds_sf100_t1,Q13,4~1~3~2,4,2,1.029738219895288
tpcds_sf100_t1,Q14,3~2~4~1,3,1,1.0178136755919454
tpcds_sf100_t1,Q15,1<2~4<3,1,3,1.0
tpcds_sf100_t1,Q16,2~3~4<1,2,1,1.2520325203252034
tpcds_sf100_t1,Q17,2~3~4<1,2,1,2.6178861788617884
tpcds_sf100_t1,Q18,4~2~3<1,4,1,1.8836477987421383
tpcds_sf100_t1,Q19,4~2~3<1,4,1,2.101878612716763
tpcds_sf100_t1,Q20,1~2~3~4,1,4,1.0
tpcds_sf100_t1,Q21,2~3<4<1,2,1,1.6612903225806452
tpcds_sf100_t1,Q22,1~3~2~4,1,4,1.0
tpcds_sf100_t1,Q23,1~3~4~2,1,2,1.0
tpcds_sf100_t1,Q24,2<4~3<1,2,1,3.4038272816486757
tpcds_sf100_t1,Q25,4~2~3<1,4,1,1.8410891089108907
tpcds_sf100_t1,Q26,2~3~4<1,2,1,1.6975609756097563
tpcds_sf100_t1,Q27,4~2~3<1,4,1,1.8847043972228066
tpcds_sf100_t1,Q28,1~3~2~4,1,4,1.0
tpcds_sf100_t1,Q29,3~2~4<1,3,1,1.6707202993451824
tpcds_sf100_t1,Q30,4~1~3<2,4,2,1.029585798816568
tpcds_sf100_t1,Q31,4~2~3<1,4,1,1.4523449319213313
tpcds_sf100_t1,Q32,2~3~4<1,2,1,1.121951219512195
tpcds_sf100_t1,Q33,4~2~3<1,4,1,1.4296296296296298
tpcds_sf100_t1,Q34,4~2~3<1,4,1,1.886746987951807
tpcds_sf100_t1,Q35,4<1~2<3,4,3,1.5093712212817414
tpcds_sf100_t1,Q36,3~2~4<1,3,1,1.6996887966804977
tpcds_sf100_t1,Q37,4<2~3<1,4,1,144.56829268292685
tpcds_sf100_t1,Q38,4<1~2<3,4,3,1.1427351886631383
tpcds_sf100_t1,Q39,1<2~3~4,1,4,1.0
tpcds_sf100_t1,Q40,4<2<3<1,4,1,6.935483870967742
tpcds_sf100_t1,Q41,1~2~3~4,1,4,1.0
tpcds_sf100_t1,Q42,3~4~2<1,3,1,1.9099576271186443
tpcds_sf100_t1,Q43,4~3~2<1,4,1,1.4354561101549053
tpcds_sf100_t1,Q44,1~2~3~4,1,4,1.0
tpcds_sf100_t1,Q45,2~3~4<1,2,1,1.5523465703971118
tpcds_sf100_t1,Q46,4~2~3<1,4,1,1.8376163873370577
tpcds_sf100_t1,Q47,1~3~2~4,1,4,1.0
tpcds_sf100_t1,Q48,1<2~4~3,1,3,1.0
tpcds_sf100_t1,Q49,4~2~3<1,4,1,1.135121951219512
tpcds_sf100_t1,Q50,4<2~3<1,4,1,3.80224
tpcds_sf100_t1,Q51,4~1~2~3,4,3,1.0396735434141917
tpcds_sf100_t1,Q52,3~2~4<1,3,1,1.867924528301887
tpcds_sf100_t1,Q53,2~3~4<1,2,1,1.9832317073170733
tpcds_sf100_t1,Q54,1~2~3~4,1,4,1.0
tpcds_sf100_t1,Q55,2~3~4<1,2,1,1.8408624229979464
tpcds_sf100_t1,Q56,4~2~3<1,4,1,1.5625
tpcds_sf100_t1,Q57,1~3~2~4,1,4,1.0
tpcds_sf100_t1,Q58,1~2~4~3,1,3,1.0
tpcds_sf100_t1,Q59,1~4~3~2,1,2,1.0
tpcds_sf100_t1,Q60,2~3~4<1,2,1,1.5658536585365852
tpcds_sf100_t1,Q61,4~2~3<1,4,1,1.8424489795918368
tpcds_sf100_t1,Q62,1~2~4~3,1,3,1.0
tpcds_sf100_t1,Q63,2~3~4<1,2,1,1.9815668202764978
tpcds_sf100_t1,Q64,4<2<3<1,4,1,5.376983187307601
tpcds_sf100_t1,Q65,4<3~2~1,4,1,1.063321128580659
tpcds_sf100_t1,Q66,3~2~4<1,3,1,1.8166666666666667
tpcds_sf100_t1,Q67,1~3~2~4,1,4,1.0
tpcds_sf100_t1,Q68,4<2~3<1,4,1,1.6849470499243568
tpcds_sf100_t1,Q69,4<3~2~1,4,1,2.050541516245487
tpcds_sf100_t1,Q70,4<3~2<1,4,1,1.2554437328453798
tpcds_sf100_t1,Q71,4<2~3<1,4,1,1.7941176470588234
tpcds_sf100_t1,Q72,3<4~2<1,3,1,8.408071748878923
tpcds_sf100_t1,Q73,4~2~3<1,4,1,1.8135802469135804
tpcds_sf100_t1,Q74,4~2~3<1,4,1,1.153977221773832
tpcds_sf100_t1,Q75,4~3~2<1,4,1,1.4086597307221542
tpcds_sf100_t1,Q76,4<2~1~3,4,3,1.3784693019343985
tpcds_sf100_t1,Q77,2~3~4<1,2,1,1.6054794520547946
tpcds_sf100_t1,Q78,4<1~2<3,4,3,1.1486237278874396
tpcds_sf100_t1,Q79,2~3<4<1,2,1,1.645727794663965
tpcds_sf100_t1,Q80,4<2~3<1,4,1,2.5591970503891845
tpcds_sf100_t1,Q81,1~2~3<4,1,4,1.0
tpcds_sf100_t1,Q82,4<3~2<1,4,1,36.56689342403628
tpcds_sf100_t1,Q83,2~3<4<1,2,1,3.6310679611650487
tpcds_sf100_t1,Q84,4<2~3<1,4,1,5.189024390243903
tpcds_sf100_t1,Q85,1~4~2<3,1,3,1.0
tpcds_sf100_t1,Q86,1~2~3~4,1,4,1.0
tpcds_sf100_t1,Q87,4<1~2<3,4,3,1.133226581265012
tpcds_sf100_t1,Q88,4~2~3<1,4,1,2.1022395326192793
tpcds_sf100_t1,Q89,3~2~4<1,3,1,1.9050387596899223
tpcds_sf100_t1,Q90,4~2~3<1,4,1,2.263157894736842
tpcds_sf100_t1,Q91,2~3~4<1,2,1,1.6774193548387097
tpcds_sf100_t1,Q92,4<2~3<1,4,1,2.0243902439024395
tpcds_sf100_t1,Q93,2~4<3<1,2,1,1.5225450008911068
tpcds_sf100_t1,Q94,3~4~2<1,3,1,1.2346153846153844
tpcds_sf100_t1,Q95,4<2~1<3,4,3,13.769270298047275
tpcds_sf100_t1,Q96,4~2~3<1,4,1,1.789873417721519
tpcds_sf100_t1,Q97,1~2~3~4,1,4,1.0
tpcds_sf100_t1,Q98,4<2~3<1,4,1,1.6500994035785288
tpcds_sf100_t1,Q99,1~2~3<4,1,4,1.0
appian_t8,q01,1~2~3~4,1,4,1.0
appian_t8,q02,1~2~4<3,1,3,1.0
appian_t8,q03,2~4<1<3,2,3,1.088495575221239
appian_t8,q04,1~2~4<3,1,3,1.0
appian_t8,q05,1~2~4<3,1,3,1.0
appian_t8,q06,1~2~4<3,1,3,1.0
appian_t8,q07,1~2<4<3,1,3,1.0
appian_t8,q08,1~2~4<3,1,3,1.0
job_t8,10a,4<2~3<1,4,1,1.7142857142857142
job_t8,10b,2~3~4<1,2,1,1.4761904761904763
job_t8,10c,4<1~2~3,4,3,1.2682926829268293
job_t8,11a,1~2~3~4,1,4,1.0
job_t8,11b,1~2~3~4,1,4,1.0
job_t8,11c,2~3~4<1,2,1,1.909090909090909
job_t8,11d,2~3~4<1,2,1,1.909090909090909
job_t8,12a,4<1~2~3,4,3,1.909090909090909
job_t8,12b,4<1~2~3,4,3,1.909090909090909
job_t8,12c,2~3~4<1,2,1,1.4761904761904763
job_t8,13a,2~3~4<1,2,1,3.9047619047619047
job_t8,13b,4<2~3<1,4,1,2.8181818181818183
job_t8,13c,2~3~4<1,2,1,2.8181818181818183
job_t8,13d,2~3~4<1,2,1,1.878048780487805
job_t8,14a,2~3~4<1,2,1,4.7272727272727275
job_t8,14b,2~3~4<1,2,1,3.727272727272727
job_t8,14c,2~3~4<1,2,1,2.4761904761904763
job_t8,15a,2~3~4<1,2,1,1.3225806451612903
job_t8,15b,2~4<3<1,2,1,1.9523809523809523
job_t8,15c,4<2~3<1,4,1,1.9523809523809523
job_t8,15d,2~3~4<1,2,1,1.4761904761904763
job_t8,16a,4<2~3<1,4,1,4.642857142857142
job_t8,16b,4<2<3<1,4,1,27.04878048780488
job_t8,16c,2~4<3<1,2,1,5.913461538461538
job_t8,16d,4<2~3<1,4,1,5.956989247311828
job_t8,17a,2~4<3<1,2,1,8.878048780487804
job_t8,17b,2<3<4<1,2,1,6.451612903225807
job_t8,17c,4<2~3<1,4,1,8.309523809523808
job_t8,17d,2~3~4<1,2,1,6.951612903225806
job_t8,17e,4<2<3<1,4,1,26.766129032258064
job_t8,17f,2~3~4<1,2,1,9.067307692307692
job_t8,18a,3~4<2<1,3,1,1.5
job_t8,18b,2~3~4<1,2,1,1.6774193548387097
job_t8,18c,4<2<3<1,4,1,1.7560975609756098
job_t8,19a,4<2~3<1,4,1,2.0
job_t8,19b,2~3~4<1,2,1,1.838709677419355
job_t8,19c,4<2~3<1,4,1,2.0
job_t8,19d,4<2<3<1,4,1,1.4807692307692308
job_t8,1a,2~3~4<1,2,1,1.909090909090909
job_t8,1b,2~3~4<1,2,1,1.909090909090909
job_t8,1c,1~2~3~4,1,4,1.0
job_t8,1d,2~3~4<1,2,1,1.909090909090909
job_t8,20a,4<2~3<1,4,1,4.64516129032258
job_t8,20b,4<2~3<1,4,1,1.7142857142857142
job_t8,20c,2~3~4<1,2,1,3.6341463414634148
job_t8,21a,1~2~3~4,1,4,1.0
job_t8,21b,1~2~3~4,1,4,1.0
job_t8,21c,1~2~3~4,1,4,1.0
job_t8,22a,2~3~4<1,2,1,2.4761904761904763
job_t8,22b,2~3~4<1,2,1,1.9523809523809523
job_t8,22c,2~3~4<1,2,1,2.9523809523809526
job_t8,22d,2~3~4<1,2,1,3.9047619047619047
job_t8,23a,2~3~4<1,2,1,1.7142857142857142
job_t8,23b,2~3~4<1,2,1,1.7142857142857142
job_t8,23c,2~3~4<1,2,1,1.3225806451612903
job_t8,24a,4<2~3<1,4,1,2.0
job_t8,24b,2~3~4<1,2,1,2.0
job_t8,25a,2~3~4<1,2,1,2.0
job_t8,25b,3~4<2<1,3,1,2.32258064516129
job_t8,25c,2~3~4<1,2,1,1.6826923076923077
job_t8,26a,4<2~3<1,4,1,3.138888888888889
job_t8,26b,2~3~4<1,2,1,3.3225806451612905
job_t8,26c,4<2~3<1,4,1,3.138888888888889
job_t8,27a,1~2~3~4,1,4,1.0
job_t8,27b,4<1~2~3,4,3,1.909090909090909
job_t8,27c,1~2~3~4,1,4,1.0
job_t8,28a,2~3~4<1,2,1,5.8809523809523805
job_t8,28b,2~3~4<1,2,1,2.2142857142857144
job_t8,28c,2~3~4<1,2,1,5.142857142857143
job_t8,29a,2~3~4<1,2,1,2.4838709677419355
job_t8,29b,2~3~4<1,2,1,1.6774193548387097
job_t8,29c,4<2~3<1,4,1,3.983870967741936
job_t8,2a,4<1~2~3,4,3,1.909090909090909
job_t8,2b,2~3~4<1,2,1,1.909090909090909
job_t8,2c,2~3~4<1,2,1,1.909090909090909
job_t8,2d,1~2~3~4,1,4,1.0
job_t8,30a,2~3~4<1,2,1,2.0
job_t8,30b,4<2~3<1,4,1,2.32258064516129
job_t8,30c,2~3~4<1,2,1,2.2439024390243905
job_t8,31a,2~3~4<1,2,1,2.0
job_t8,31b,2~3~4<1,2,1,1.7560975609756098
job_t8,31c,4<2~3<1,4,1,2.7560975609756095
job_t8,32a,1~2~3~4,1,4,1.0
job_t8,32b,2~3~4<1,2,1,1.909090909090909
job_t8,33a,2~3~4<1,2,1,2.8181818181818183
job_t8,33b,2~3~4<1,2,1,1.909090909090909
job_t8,33c,2~3~4<1,2,1,1.4761904761904763
job_t8,3a,4<2~3<1,4,1,1.6774193548387097
job_t8,3b,1~2~3~4,1,4,1.0
job_t8,3c,4<2~3<1,4,1,1.6774193548387097
job_t8,4a,4<1~2~3,4,3,1.909090909090909
job_t8,4b,4<1~2~3,4,3,1.909090909090909
job_t8,4c,4<2~3<1,4,1,2.3636363636363638
job_t8,5a,2~3~4<1,2,1,3.727272727272727
job_t8,5b,2~3~4<1,2,1,2.8181818181818183
job_t8,5c,2~3~4<1,2,1,1.6774193548387097
job_t8,6a,1~2~3~4,1,4,1.0
job_t8,6b,1~2~3~4,1,4,1.0
job_t8,6c,1~2~3~4,1,4,1.0
job_t8,6d,4<1~2~3,4,3,1.4761904761904763
job_t8,6e,1~2~3~4,1,4,1.0
job_t8,6f,1~2~4<3,1,3,1.0
job_t8,7a,2~3~4<1,2,1,2.0
job_t8,7b,2~3~4<1,2,1,1.6774193548387097
job_t8,7c,2~3~4<1,2,1,1.6612903225806452
job_t8,8a,2~3~4<1,2,1,1.4761904761904763
job_t8,8b,2~3~4<1,2,1,1.4761904761904763
job_t8,8c,2~4<1<3,2,3,1.0961538461538463
job_t8,8d,1~2~3~4,1,4,1.0
job_t8,9a,2~3~4<1,2,1,1.3225806451612903
job_t8,9b,4<2~3<1,4,1,1.9523809523809523
job_t8,9c,2~3~4<1,2,1,1.3225806451612903
job_t8,9d,4<1~2~3,4,3,1.2682926829268293
tpch_sf10_t8,Q01,1~2~3~4,1,4,1.0
tpch_sf10_t8,Q02,2~3~4<1,2,1,1.4761904761904763
tpch_sf10_t8,Q03,2~4<3<1,2,1,2.0
tpch_sf10_t8,Q04,1~2~4<3,1,3,1.0
tpch_sf10_t8,Q05,4<2<1~3,4,3,1.4057142857142857
tpch_sf10_t8,Q06,1~2~3~4,1,4,1.0
tpch_sf10_t8,Q07,4<2~3<1,4,1,2.8817204301075274
tpch_sf10_t8,Q08,4<2~3<1,4,1,2.173076923076923
tpch_sf10_t8,Q09,4<2<3<1,4,1,2.43010752688172
tpch_sf10_t8,Q10,2~3~4<1,2,1,1.3225806451612903
tpch_sf10_t8,Q11,1~2~3~4,1,4,1.0
tpch_sf10_t8,Q12,1~2~4<3,1,3,1.0
tpch_sf10_t8,Q13,1~2~4<3,1,3,1.0
tpch_sf10_t8,Q14,4<1~2~3,4,3,1.5121951219512195
tpch_sf10_t8,Q15,1~2~3~4,1,4,1.0
tpch_sf10_t8,Q16,1~2~3~4,1,4,1.0
tpch_sf10_t8,Q17,4<1~2~3,4,3,1.3846153846153846
tpch_sf10_t8,Q18,1~2~4<3,1,3,1.0
tpch_sf10_t8,Q19,4<1~2<3,4,3,1.3846153846153846
tpch_sf10_t8,Q20,2~3~4<1,2,1,1.1923076923076923
tpch_sf10_t8,Q21,4<2<1<3,4,3,1.380597014925373
tpch_sf10_t8,Q22,1~2~3~4,1,4,1.0
tpch_sf20_t8,Q01,1~2~3~4,1,4,1.0
tpch_sf20_t8,Q02,2~3~4<1,2,1,1.3225806451612903
tpch_sf20_t8,Q03,2~3~4<1,2,1,1.878048780487805
tpch_sf20_t8,Q04,1<2~4<3,1,3,1.0
tpch_sf20_t8,Q05,4<3<2<1,4,1,1.4390243902439024
tpch_sf20_t8,Q06,1~2~3~4,1,4,1.0
tpch_sf20_t8,Q07,2~3~4<1,2,1,2.7560975609756095
tpch_sf20_t8,Q08,4<2~3<1,4,1,2.462857142857143
tpch_sf20_t8,Q09,4<2<3<1,4,1,2.5485714285714285
tpch_sf20_t8,Q10,2<3~4<1,2,1,1.3980582524271843
tpch_sf20_t8,Q11,4<1~2~3,4,3,1.4761904761904763
tpch_sf20_t8,Q12,4<1~2~3,4,3,1.1388888888888888
tpch_sf20_t8,Q13,1~2~4<3,1,3,1.0
tpch_sf20_t8,Q14,4<1~2~3,4,3,1.9807692307692308
tpch_sf20_t8,Q15,1~2~3~4,1,4,1.0
tpch_sf20_t8,Q16,1~2~3~4,1,4,1.0
tpch_sf20_t8,Q17,4<2<1~3,4,3,1.3980582524271843
tpch_sf20_t8,Q18,1~2~4<3,1,3,1.0
tpch_sf20_t8,Q19,4<1~2<3,4,3,1.3009708737864079
tpch_sf20_t8,Q20,2~3~4<1,2,1,1.3780487804878048
tpch_sf20_t8,Q21,4<2<1~3,4,3,1.4593495934959348
tpch_sf20_t8,Q22,1~2~4<3,1,3,1.0
tpch_sf50_t8,Q01,1~2~3~4,1,4,1.0
tpch_sf50_t8,Q02,2~3<4<1,2,1,1.3225806451612903
tpch_sf50_t8,Q03,4<2~3<1,4,1,1.9945945945945944
tpch_sf50_t8,Q04,1~2~4<3,1,3,1.0
tpch_sf50_t8,Q05,4<2<3<1,4,1,1.9642857142857142
tpch_sf50_t8,Q06,1~2~3~4,1,4,1.0
tpch_sf50_t8,Q07,4~2~3<1,4,1,3.1275
tpch_sf50_t8,Q08,4<2~3<1,4,1,2.5512195121951224
tpch_sf50_t8,Q09,4<2<3<1,4,1,2.4789356984478936
tpch_sf50_t8,Q10,2~4~3<1,2,1,1.41869918699187
tpch_sf50_t8,Q11,4<1~2~3,4,3,1.2682926829268293
tpch_sf50_t8,Q12,4<1~2<3,4,3,1.2847222222222223
tpch_sf50_t8,Q13,1~2~4<3,1,3,1.0
tpch_sf50_t8,Q14,4<2~1~3,4,3,2.0
tpch_sf50_t8,Q15,1~2~3~4,1,4,1.0
tpch_sf50_t8,Q16,1~2~3~4,1,4,1.0
tpch_sf50_t8,Q17,4<1~2~3,4,3,1.36328125
tpch_sf50_t8,Q18,1~2~4<3,1,3,1.0
tpch_sf50_t8,Q19,4<2~1~3,4,3,1.3898305084745763
tpch_sf50_t8,Q20,3~2~4<1,3,1,1.285
tpch_sf50_t8,Q21,4<2<1~3,4,3,1.4488817891373802
tpch_sf50_t8,Q22,1~2~4<3,1,3,1.0
tpch_sf100_t8,Q01,1~2~3~4,1,4,1.0
tpch_sf100_t8,Q02,2~3<4<1,2,1,1.407079646017699
tpch_sf100_t8,Q03,2~3<4<1,2,1,1.890909090909091
tpch_sf100_t8,Q04,1~2~4<3,1,3,1.0
tpch_sf100_t8,Q05,4<2<3<1,4,1,1.9655737704918035
tpch_sf100_t8,Q06,1~2~3~4,1,4,1.0
tpch_sf100_t8,Q07,4~2~3<1,4,1,3.376811594202899
tpch_sf100_t8,Q08,4<2~3<1,4,1,2.62625
tpch_sf100_t8,Q09,4<2<3<1,4,1,2.4761646803900326
tpch_sf100_t8,Q10,2~4~3<1,2,1,1.404564315352697
tpch_sf100_t8,Q11,4<1~2~3,4,3,1.4305555555555556
tpch_sf100_t8,Q12,4<1~2<3,4,3,1.296028880866426
tpch_sf100_t8,Q13,1~2~4<3,1,3,1.0
tpch_sf100_t8,Q14,4<1~2~3,4,3,1.959349593495935
tpch_sf100_t8,Q15,1~2~4~3,1,3,1.0
tpch_sf100_t8,Q16,1~2~3~4,1,4,1.0
tpch_sf100_t8,Q17,4<1~3~2,4,2,1.398635477582846
tpch_sf100_t8,Q18,4~1~2<3,4,3,1.0019685039370079
tpch_sf100_t8,Q19,4<1~2~3,4,3,1.3402489626556016
tpch_sf100_t8,Q20,2~3~4<1,2,1,1.35
tpch_sf100_t8,Q21,4<2<3~1,4,1,1.4404761904761907
tpch_sf100_t8,Q22,1~2~4<3,1,3,1.0
tpcds_sf10_t8,Q01,1~2~4<3,1,3,1.0
tpcds_sf10_t8,Q02,1~2~3~4,1,4,1.0
tpcds_sf10_t8,Q03,2~3~4<1,2,1,1.2380952380952381
tpcds_sf10_t8,Q04,4~1~2~3,4,3,1.046296296296296
tpcds_sf10_t8,Q05,1~2~3~4,1,4,1.0
tpcds_sf10_t8,Q06,1~2~3~4,1,4,1.0
tpcds_sf10_t8,Q07,2~3~4<1,2,1,1.6774193548387097
tpcds_sf10_t8,Q08,1~2~3~4,1,4,1.0
tpcds_sf10_t8,Q09,1~2~3~4,1,4,1.0
tpcds_sf10_t8,Q10,4<1~2~3,4,3,1.1923076923076923
tpcds_sf10_t8,Q11,3~4~2<1,3,1,1.1041666666666665
tpcds_sf10_t8,Q12,1~2~3~4,1,4,1.0
tpcds_sf10_t8,Q13,1~2~3<4,1,4,1.0
tpcds_sf10_t8,Q14,1~2~3~4,1,4,1.0
tpcds_sf10_t8,Q15,1~2~3~4,1,4,1.0
tpcds_sf10_t8,Q16,1~2~3~4,1,4,1.0
tpcds_sf10_t8,Q17,2~3<4<1,2,1,2.0
tpcds_sf10_t8,Q18,2~3~4<1,2,1,1.4761904761904763
tpcds_sf10_t8,Q19,1~2~3~4,1,4,1.0
tpcds_sf10_t8,Q20,1~2~3~4,1,4,1.0
tpcds_sf10_t8,Q21,2~3<1~4,2,4,1.909090909090909
tpcds_sf10_t8,Q22,1~2~3~4,1,4,1.0
tpcds_sf10_t8,Q23,1~2~3~4,1,4,1.0
tpcds_sf10_t8,Q24,2<3~4<1,2,1,2.2150537634408605
tpcds_sf10_t8,Q25,2~3~4<1,2,1,1.5
tpcds_sf10_t8,Q26,1~2~3~4,1,4,1.0
tpcds_sf10_t8,Q27,2~3~4<1,2,1,1.7884615384615385
tpcds_sf10_t8,Q28,1~2~3~4,1,4,1.0
tpcds_sf10_t8,Q29,2~3~4<1,2,1,1.2682926829268293
tpcds_sf10_t8,Q30,1~2~3~4,1,4,1.0
tpcds_sf10_t8,Q31,1~2~3~4,1,4,1.0
tpcds_sf10_t8,Q32,1~2~3~4,1,4,1.0
tpcds_sf10_t8,Q33,1~2~3~4,1,4,1.0
tpcds_sf10_t8,Q34,1~2~3~4,1,4,1.0
tpcds_sf10_t8,Q35,4<1~2<3,4,3,1.2682926829268293
tpcds_sf10_t8,Q36,2~3<1~4,2,4,1.3225806451612903
tpcds_sf10_t8,Q37,2~3~4<1,2,1,11.238095238095237
tpcds_sf10_t8,Q38,1~2~3~4,1,4,1.0
tpcds_sf10_t8,Q39,1~2~3~4,1,4,1.0
tpcds_sf10_t8,Q40,2~3~4<1,2,1,1.909090909090909
tpcds_sf10_t8,Q41,1~2~3~4,1,4,1.0
tpcds_sf10_t8,Q42,1~2~3~4,1,4,1.0
tpcds_sf10_t8,Q43,2~3<1~4,2,4,1.4761904761904763
tpcds_sf10_t8,Q44,4<2~3~1,4,1,1.0875891083323594
tpcds_sf10_t8,Q45,1~2~3~4,1,4,1.0
tpcds_sf10_t8,Q46,2~3~4<1,2,1,1.2682926829268293
tpcds_sf10_t8,Q47,1~2~3~4,1,4,1.0
tpcds_sf10_t8,Q48,1~2~3~4,1,4,1.0
tpcds_sf10_t8,Q49,1~2~3~4,1,4,1.0
tpcds_sf10_t8,Q50,2~3~4<1,2,1,2.6451612903225805
tpcds_sf10_t8,Q51,4<1~2~3,4,3,1.0571428571428572
tpcds_sf10_t8,Q52,2~3~4<1,2,1,1.2380952380952381
tpcds_sf10_t8,Q53,2~3~4<1,2,1,1.4761904761904763
tpcds_sf10_t8,Q54,1~2~3~4,1,4,1.0
tpcds_sf10_t8,Q55,2~3~4<1,2,1,1.2380952380952381
tpcds_sf10_t8,Q56,1~2~3~4,1,4,1.0
tpcds_sf10_t8,Q57,1~2~3~4,1,4,1.0
tpcds_sf10_t8,Q58,1~2~3~4,1,4,1.0
tpcds_sf10_t8,Q59,1~2~3~4,1,4,1.0
tpcds_sf10_t8,Q60,2~3~4<1,2,1,1.3225806451612903
tpcds_sf10_t8,Q61,2~3~4<1,2,1,1.6774193548387097
tpcds_sf10_t8,Q62,1~2~3~4,1,4,1.0
tpcds_sf10_t8,Q63,2~3~4<1,2,1,1.4761904761904763
tpcds_sf10_t8,Q64,4<2<3<1,4,1,3.25
tpcds_sf10_t8,Q65,4<1~2~3,4,3,1.331168831168831
tpcds_sf10_t8,Q66,1~2~3~4,1,4,1.0
tpcds_sf10_t8,Q67,4~1~2~3,4,3,1.0442477876106195
tpcds_sf10_t8,Q68,2~3~4<1,2,1,1.2682926829268293
tpcds_sf10_t8,Q69,4<1~2~3,4,3,1.4761904761904763
tpcds_sf10_t8,Q70,1~2~3~4,1,4,1.0
tpcds_sf10_t8,Q71,1~2~3~4,1,4,1.0
tpcds_sf10_t8,Q72,2~3<4<1,2,1,41.861111111111114
tpcds_sf10_t8,Q73,2~3~4<1,2,1,1.4761904761904763
tpcds_sf10_t8,Q74,2~3<4~1,2,1,1.2342857142857144
tpcds_sf10_t8,Q75,2~3~4<1,2,1,1.3225806451612903
tpcds_sf10_t8,Q76,1~2~3~4,1,4,1.0
tpcds_sf10_t8,Q77,2~3~4<1,2,1,1.3225806451612903
tpcds_sf10_t8,Q78,4<1~2<3,4,3,1.170731707317073
tpcds_sf10_t8,Q79,2~3~4<1,2,1,1.2682926829268293
tpcds_sf10_t8,Q80,2~3~4<1,2,1,1.5121951219512195
tpcds_sf10_t8,Q81,1~2~3~4,1,4,1.0
tpcds_sf10_t8,Q82,2~3~4<1,2,1,13.190476190476192
tpcds_sf10_t8,Q83,2~3~4<1,2,1,1.909090909090909
tpcds_sf10_t8,Q84,2~3~4<1,2,1,1.909090909090909
tpcds_sf10_t8,Q85,1~2~3~4,1,4,1.0
tpcds_sf10_t8,Q86,1~2~3~4,1,4,1.0
tpcds_sf10_t8,Q87,1~2~3~4,1,4,1.0
tpcds_sf10_t8,Q88,2~3~4<1,2,1,1.5769230769230769
tpcds_sf10_t8,Q89,1~2~3~4,1,4,1.0
tpcds_sf10_t8,Q90,2~3~4<1,2,1,1.909090909090909
tpcds_sf10_t8,Q91,1~2~3~4,1,4,1.0
tpcds_sf10_t8,Q92,2~3~4<1,2,1,1.909090909090909
tpcds_sf10_t8,Q93,2~3<4<1,2,1,1.5121951219512195
tpcds_sf10_t8,Q94,1~2~3~4,1,4,1.0
tpcds_sf10_t8,Q95,4<1~2<3,4,3,5.967741935483871
tpcds_sf10_t8,Q96,1~2~3~4,1,4,1.0
tpcds_sf10_t8,Q97,1~2~3<4,1,4,1.0
tpcds_sf10_t8,Q98,1~2~3~4,1,4,1.0
tpcds_sf10_t8,Q99,1~2~3~4,1,4,1.0
tpcds_sf20_t8,Q01,1~2~4<3,1,3,1.0
tpcds_sf20_t8,Q02,1~2~3~4,1,4,1.0
tpcds_sf20_t8,Q03,2~3~4<1,2,1,1.3225806451612903
tpcds_sf20_t8,Q04,3~1~2~4,3,4,1.0121951219512197
tpcds_sf20_t8,Q05,2~4<1<3,2,3,1.161290322580645
tpcds_sf20_t8,Q06,1~2~3~4,1,4,1.0
tpcds_sf20_t8,Q07,2~3<4<1,2,1,1.5769230769230769
tpcds_sf20_t8,Q08,2~3~4<1,2,1,1.1195652173913044
tpcds_sf20_t8,Q09,1~2~3~4,1,4,1.0
tpcds_sf20_t8,Q10,4<1~2~3,4,3,1.6774193548387097
tpcds_sf20_t8,Q11,2~3~1~4,2,4,1.0174216027874563
tpcds_sf20_t8,Q12,1~2~3~4,1,4,1.0
tpcds_sf20_t8,Q13,1~2~3<4,1,4,1.0
tpcds_sf20_t8,Q14,1~2~3~4,1,4,1.0
tpcds_sf20_t8,Q15,1~2~3~4,1,4,1.0
tpcds_sf20_t8,Q16,1~2~3~4,1,4,1.0
tpcds_sf20_t8,Q17,2~3<4<1,2,1,1.9711538461538458
tpcds_sf20_t8,Q18,2~3~4<1,2,1,1.3225806451612903
tpcds_sf20_t8,Q19,2~3~4<1,2,1,1.2682926829268293
tpcds_sf20_t8,Q20,1~2~3~4,1,4,1.0
tpcds_sf20_t8,Q21,1~2~3~4,1,4,1.0
tpcds_sf20_t8,Q22,1~2~3~4,1,4,1.0
tpcds_sf20_t8,Q23,1~2~3~4,1,4,1.0
tpcds_sf20_t8,Q24,2<3<4<1,2,1,1.8225806451612903
tpcds_sf20_t8,Q25,2~3~4<1,2,1,1.2884615384615383
tpcds_sf20_t8,Q26,1~2~3~4,1,4,1.0
tpcds_sf20_t8,Q27,2~3~4<1,2,1,1.989247311827957
tpcds_sf20_t8,Q28,1~2~3~4,1,4,1.0
tpcds_sf20_t8,Q29,2~3<4<1,2,1,1.3225806451612903
tpcds_sf20_t8,Q30,1~2~3~4,1,4,1.0
tpcds_sf20_t8,Q31,2~3~4<1,2,1,1.161290322580645
tpcds_sf20_t8,Q32,1~2~3~4,1,4,1.0
tpcds_sf20_t8,Q33,2~3~4<1,2,1,1.2682926829268293
tpcds_sf20_t8,Q34,2~3~4<1,2,1,1.7560975609756098
tpcds_sf20_t8,Q35,4<1~2~3,4,3,1.161290322580645
tpcds_sf20_t8,Q36,1~2~3<4,1,4,1.0
tpcds_sf20_t8,Q37,2~3~4<1,2,1,19.090909090909086
tpcds_sf20_t8,Q38,1~2~3~4,1,4,1.0
tpcds_sf20_t8,Q39,1~2~3~4,1,4,1.0
tpcds_sf20_t8,Q40,4<1~2~3,4,3,1.909090909090909
tpcds_sf20_t8,Q41,1~2~3~4,1,4,1.0
tpcds_sf20_t8,Q42,2~3~4<1,2,1,1.3225806451612903
tpcds_sf20_t8,Q43,1~4<2~3,1,3,1.0
tpcds_sf20_t8,Q44,1~3~2~4,1,4,1.0
tpcds_sf20_t8,Q45,1~2~3~4,1,4,1.0
tpcds_sf20_t8,Q46,2~3~4<1,2,1,1.4305555555555556
tpcds_sf20_t8,Q47,1~2~3~4,1,4,1.0
tpcds_sf20_t8,Q48,1~2<3<4,1,4,1.0
tpcds_sf20_t8,Q49,2~3~4<1,2,1,1.1923076923076923
tpcds_sf20_t8,Q50,4<2~3<1,4,1,1.8541666666666667
tpcds_sf20_t8,Q51,1~2~3~4,1,4,1.0
tpcds_sf20_t8,Q52,2~3~4<1,2,1,1.3225806451612903
tpcds_sf20_t8,Q53,2~3<4<1,2,1,1.6774193548387097
tpcds_sf20_t8,Q54,1~2~3~4,1,4,1.0
tpcds_sf20_t8,Q55,2~3~4<1,2,1,1.3225806451612903
tpcds_sf20_t8,Q56,2~3~4<1,2,1,1.2682926829268293
tpcds_sf20_t8,Q57,1~2~3~4,1,4,1.0
tpcds_sf20_t8,Q58,1~2~3~4,1,4,1.0
tpcds_sf20_t8,Q59,1~2~3~4,1,4,1.0
tpcds_sf20_t8,Q60,2~3<4<1,2,1,1.5121951219512195
tpcds_sf20_t8,Q61,2~3~4<1,2,1,1.3225806451612903
tpcds_sf20_t8,Q62,1~2~3~4,1,4,1.0
tpcds_sf20_t8,Q63,2~3<4<1,2,1,1.6774193548387097
tpcds_sf20_t8,Q64,4<2<3<1,4,1,2.376344086021505
tpcds_sf20_t8,Q65,1~2~3<4,1,4,1.0
tpcds_sf20_t8,Q66,2~3~4<1,2,1,1.3225806451612903
tpcds_sf20_t8,Q67,4~1~2~3,4,3,1.017391304347826
tpcds_sf20_t8,Q68,2~3~4<1,2,1,1.3225806451612903
tpcds_sf20_t8,Q69,4<1~2~3,4,3,1.3225806451612903
tpcds_sf20_t8,Q70,4<1~2~3,4,3,1.0970873786407767
tpcds_sf20_t8,Q71,4<1~2~3,4,3,1.2682926829268293
tpcds_sf20_t8,Q72,4<2~3<1,4,1,11.836538461538462
tpcds_sf20_t8,Q73,2~3~4<1,2,1,1.3902439024390245
tpcds_sf20_t8,Q74,2~3~1~4,2,4,1.0256410256410258
tpcds_sf20_t8,Q75,2~3<4<1,2,1,1.3009708737864079
tpcds_sf20_t8,Q76,1~2~3~4,1,4,1.0
tpcds_sf20_t8,Q77,2~3~4<1,2,1,1.1923076923076923
tpcds_sf20_t8,Q78,4<1~2<3,4,3,1.0595238095238095
tpcds_sf20_t8,Q79,2~3~4<1,2,1,1.3225806451612903
tpcds_sf20_t8,Q80,4<2~3<1,4,1,1.8225806451612903
tpcds_sf20_t8,Q81,1~2~3~4,1,4,1.0
tpcds_sf20_t8,Q82,2~3~4<1,2,1,11.452380952380954
tpcds_sf20_t8,Q83,2~3~4<1,2,1,1.909090909090909
tpcds_sf20_t8,Q84,2~3~4<1,2,1,1.909090909090909
tpcds_sf20_t8,Q85,1~2~3~4,1,4,1.0
tpcds_sf20_t8,Q86,1~2~3<4,1,4,1.0
tpcds_sf20_t8,Q87,1~4<3<2,1,2,1.0
tpcds_sf20_t8,Q88,2~3~4<1,2,1,1.878048780487805
tpcds_sf20_t8,Q89,2~3~4<1,2,1,1.2682926829268293
tpcds_sf20_t8,Q90,1~2~3~4,1,4,1.0
tpcds_sf20_t8,Q91,1~2~3~4,1,4,1.0
tpcds_sf20_t8,Q92,1~2~3~4,1,4,1.0
tpcds_sf20_t8,Q93,2~3~4<1,2,1,1.3780487804878048
tpcds_sf20_t8,Q94,2~3~4<1,2,1,1.4761904761904763
tpcds_sf20_t8,Q95,4<1~2<3,4,3,7.75609756097561
tpcds_sf20_t8,Q96,2~3~4<1,2,1,1.4761904761904763
tpcds_sf20_t8,Q97,1~2~3<4,1,4,1.0
tpcds_sf20_t8,Q98,2~3~4<1,2,1,1.3225806451612903
tpcds_sf20_t8,Q99,1~2~3<4,1,4,1.0
tpcds_sf50_t8,Q01,1~2~4<3,1,3,1.0
tpcds_sf50_t8,Q02,1~2~3~4,1,4,1.0
tpcds_sf50_t8,Q03,2~3~4<1,2,1,1.3805970149253735
tpcds_sf50_t8,Q04,2~3~1~4,2,4,1.0170068027210883
tpcds_sf50_t8,Q05,2~4<1~3,2,3,1.2012987012987013
tpcds_sf50_t8,Q06,1~2~3~4,1,4,1.0
tpcds_sf50_t8,Q07,2~3<4<1,2,1,1.6371681415929207
tpcds_sf50_t8,Q08,2~3~4<1,2,1,1.3333333333333333
tpcds_sf50_t8,Q09,1~2~4~3,1,3,1.0
tpcds_sf50_t8,Q10,4<1~2~3,4,3,1.6612903225806452
tpcds_sf50_t8,Q11,2~3~4~1,2,1,1.0516666666666667
tpcds_sf50_t8,Q12,1~2~3~4,1,4,1.0
tpcds_sf50_t8,Q13,1~2<3~4,1,4,1.0
tpcds_sf50_t8,Q14,2~1~3~4,2,4,1.0057211683227942
tpcds_sf50_t8,Q15,1~2~3~4,1,4,1.0
tpcds_sf50_t8,Q16,1~2~3~4,1,4,1.0
tpcds_sf50_t8,Q17,2~3~4<1,2,1,2.132743362831859
tpcds_sf50_t8,Q18,2~3<4<1,2,1,1.7560975609756098
tpcds_sf50_t8,Q19,2~3~4<1,2,1,1.4390243902439024
tpcds_sf50_t8,Q20,1~2~3~4,1,4,1.0
tpcds_sf50_t8,Q21,1~2~3~4,1,4,1.0
tpcds_sf50_t8,Q22,1~2~3~4,1,4,1.0
tpcds_sf50_t8,Q23,1~2~3~4,1,4,1.0
tpcds_sf50_t8,Q24,2~3<4<1,2,1,2.058997050147493
tpcds_sf50_t8,Q25,2~3~4<1,2,1,1.3628318584070798
tpcds_sf50_t8,Q26,2~3~4<1,2,1,1.3225806451612903
tpcds_sf50_t8,Q27,2~3~4<1,2,1,1.8243902439024393
tpcds_sf50_t8,Q28,1~2~3~4,1,4,1.0
tpcds_sf50_t8,Q29,2~3~4<1,2,1,1.330935251798561
tpcds_sf50_t8,Q30,1~2~3<4,1,4,1.0
tpcds_sf50_t8,Q31,2~3~4<1,2,1,1.3333333333333333
tpcds_sf50_t8,Q32,1~2~3~4,1,4,1.0
tpcds_sf50_t8,Q33,2~3~4<1,2,1,1.21505376344086
tpcds_sf50_t8,Q34,2~3<4<1,2,1,1.6219512195121952
tpcds_sf50_t8,Q35,4<1~2<3,4,3,1.2985074626865671
tpcds_sf50_t8,Q36,2~3<4<1,2,1,1.5398230088495577
tpcds_sf50_t8,Q37,2~3~4<1,2,1,34.38095238095238
tpcds_sf50_t8,Q38,1~4<2~3,1,3,1.0
tpcds_sf50_t8,Q39,1~2~3~4,1,4,1.0
tpcds_sf50_t8,Q40,4<1~2~3,4,3,2.8181818181818183
tpcds_sf50_t8,Q41,1~2~3~4,1,4,1.0
tpcds_sf50_t8,Q42,2~3~4<1,2,1,1.673076923076923
tpcds_sf50_t8,Q43,2~3<4<1,2,1,1.5
tpcds_sf50_t8,Q44,4~1~2~3,4,3,1.0035096841284281
tpcds_sf50_t8,Q45,2<3<1~4,2,4,1.2682926829268293
tpcds_sf50_t8,Q46,2~3~4<1,2,1,1.4925373134328357
tpcds_sf50_t8,Q47,1~2~3~4,1,4,1.0
tpcds_sf50_t8,Q48,1<2<3<4,1,4,1.0
tpcds_sf50_t8,Q49,2~3~4<1,2,1,1.2743362831858407
tpcds_sf50_t8,Q50,4<2~3<1,4,1,2.2012987012987013
tpcds_sf50_t8,Q51,4~1~2~3,4,3,1.0442477876106195
tpcds_sf50_t8,Q52,2~3~4<1,2,1,1.403225806451613
tpcds_sf50_t8,Q53,2~3~4<1,2,1,1.5694444444444444
tpcds_sf50_t8,Q54,1~2~3~4,1,4,1.0
tpcds_sf50_t8,Q55,2~3~4<1,2,1,1.3225806451612903
tpcds_sf50_t8,Q56,2~3~4<1,2,1,1.3780487804878048
tpcds_sf50_t8,Q57,1~2~3~4,1,4,1.0
tpcds_sf50_t8,Q58,1~2~3~4,1,4,1.0
tpcds_sf50_t8,Q59,1~2~3~4,1,4,1.0
tpcds_sf50_t8,Q60,2~3~4<1,2,1,1.4408602150537635
tpcds_sf50_t8,Q61,2~3~4<1,2,1,1.4513274336283186
tpcds_sf50_t8,Q62,1~2~3~4,1,4,1.0
tpcds_sf50_t8,Q63,2~3~4<1,2,1,1.5694444444444444
tpcds_sf50_t8,Q64,4<2<3<1,4,1,3.275609756097561
tpcds_sf50_t8,Q65,1~2~3~4,1,4,1.0
tpcds_sf50_t8,Q66,2~3<4<1,2,1,1.5769230769230769
tpcds_sf50_t8,Q67,2~1~3~4,2,4,1.0054122890799109
tpcds_sf50_t8,Q68,3~4<2<1,3,1,1.4552238805970148
tpcds_sf50_t8,Q69,4<2~3<1,4,1,1.6612903225806452
tpcds_sf50_t8,Q70,4~2~3~1,4,1,1.0847457627118644
tpcds_sf50_t8,Q71,4<2~3<1,4,1,1.5
tpcds_sf50_t8,Q72,4~2<3<1,4,1,15.201438848920864
tpcds_sf50_t8,Q73,2~3~4<1,2,1,1.5
tpcds_sf50_t8,Q74,2~3~1~4,2,4,1.0390243902439025
tpcds_sf50_t8,Q75,2~3~4<1,2,1,1.3333333333333333
tpcds_sf50_t8,Q76,4<1~2~3,4,3,1.170731707317073
tpcds_sf50_t8,Q77,2~3~4<1,2,1,1.3009708737864079
tpcds_sf50_t8,Q78,4<1~2<3,4,3,1.1171617161716172
tpcds_sf50_t8,Q79,2~3<4<1,2,1,1.4552238805970148
tpcds_sf50_t8,Q80,4<2~3<1,4,1,2.0853658536585367
tpcds_sf50_t8,Q81,1~2~3~4,1,4,1.0
tpcds_sf50_t8,Q82,4<2~3<1,4,1,26.741935483870964
tpcds_sf50_t8,Q83,2~3~4<1,2,1,1.9523809523809523
tpcds_sf50_t8,Q84,2~3~4<1,2,1,1.7142857142857142
tpcds_sf50_t8,Q85,1~2<3~4,1,4,1.0
tpcds_sf50_t8,Q86,1~2~3~4,1,4,1.0
tpcds_sf50_t8,Q87,4~1~2~3,4,3,1.046296296296296
tpcds_sf50_t8,Q88,2~3<4<1,2,1,1.9405405405405403
tpcds_sf50_t8,Q89,2~3~4<1,2,1,1.5
tpcds_sf50_t8,Q90,2~3~4<1,2,1,1.3225806451612903
tpcds_sf50_t8,Q91,2~3~4<1,2,1,1.909090909090909
tpcds_sf50_t8,Q92,2~3~4<1,2,1,1.3225806451612903
tpcds_sf50_t8,Q93,2~4<3<1,2,1,1.6108108108108108
tpcds_sf50_t8,Q94,2~3~4<1,2,1,1.2682926829268293
tpcds_sf50_t8,Q95,4<1~2<3,4,3,7.951456310679611
tpcds_sf50_t8,Q96,4<2~3<1,4,1,1.5121951219512195
tpcds_sf50_t8,Q97,1~2~3~4,1,4,1.0
tpcds_sf50_t8,Q98,2~3~4<1,2,1,1.3225806451612903
tpcds_sf50_t8,Q99,1~2~3<4,1,4,1.0
tpcds_sf100_t8,Q01,1~2~4<3,1,3,1.0
tpcds_sf100_t8,Q02,1~2~3~4,1,4,1.0
tpcds_sf100_t8,Q03,2~3~4<1,2,1,1.41869918699187
tpcds_sf100_t8,Q04,2~4~1~3,2,3,1.0496819145713419
tpcds_sf100_t8,Q05,2~4<1~3,2,3,1.2118055555555556
tpcds_sf100_t8,Q06,1~2~4<3,1,3,1.0
tpcds_sf100_t8,Q07,2~3~4<1,2,1,1.6620370370370368
tpcds_sf100_t8,Q08,2~4<3<1,2,1,1.4405405405405405
tpcds_sf100_t8,Q09,1~2~3~4,1,4,1.0
tpcds_sf100_t8,Q10,4<1~2~3,4,3,1.6371681415929207
tpcds_sf100_t8,Q11,2~4<3~1,2,1,1.0812829525483303
tpcds_sf100_t8,Q12,2~3~4<1,2,1,1.1923076923076923
tpcds_sf100_t8,Q13,1<2~3<4,1,4,1.0
tpcds_sf100_t8,Q14,3~1~2~4,3,4,1.002213613724405
tpcds_sf100_t8,Q15,1<2~3~4,1,4,1.0
tpcds_sf100_t8,Q16,2~3~4<1,2,1,1.3225806451612903
tpcds_sf100_t8,Q17,2<3~4<1,2,1,2.5450121654501223
tpcds_sf100_t8,Q18,2~3~4<1,2,1,1.5694444444444444
tpcds_sf100_t8,Q19,2~3~4<1,2,1,1.6388888888888888
tpcds_sf100_t8,Q20,1~2~3~4,1,4,1.0
tpcds_sf100_t8,Q21,2~3<1~4,2,4,1.4761904761904763
tpcds_sf100_t8,Q22,1~2~3~4,1,4,1.0
tpcds_sf100_t8,Q23,1~2~4<3,1,3,1.0
tpcds_sf100_t8,Q24,2<3~4<1,2,1,2.9026548672566372
tpcds_sf100_t8,Q25,2~3~4<1,2,1,1.575609756097561
tpcds_sf100_t8,Q26,2~3~4<1,2,1,1.3846153846153846
tpcds_sf100_t8,Q27,3~4~2<1,3,1,1.718918918918919
tpcds_sf100_t8,Q28,1~2~3~4,1,4,1.0
tpcds_sf100_t8,Q29,2~3<4<1,2,1,1.5180505415162455
tpcds_sf100_t8,Q30,1~2~3~4,1,4,1.0
tpcds_sf100_t8,Q31,2~3~4<1,2,1,1.305084745762712
tpcds_sf100_t8,Q32,1~2~3~4,1,4,1.0
tpcds_sf100_t8,Q33,2~3~4<1,2,1,1.2342857142857144
tpcds_sf100_t8,Q34,2~3<4<1,2,1,1.6736111111111114
tpcds_sf100_t8,Q35,4<1~2<3,4,3,1.3820224719101124
tpcds_sf100_t8,Q36,2~3<4<1,2,1,1.581081081081081
tpcds_sf100_t8,Q37,4<2~3<1,4,1,71.86538461538463
tpcds_sf100_t8,Q38,4<1~2<3,4,3,1.0973871733966747
tpcds_sf100_t8,Q39,1~2~3~4,1,4,1.0
tpcds_sf100_t8,Q40,4<1~2~3,4,3,2.4761904761904763
tpcds_sf100_t8,Q41,1~2~3~4,1,4,1.0
tpcds_sf100_t8,Q42,2~3~4<1,2,1,1.4951456310679612
tpcds_sf100_t8,Q43,2~3<4<1,2,1,1.3297297297297297
tpcds_sf100_t8,Q44,4<3~1~2,4,2,1.0576010150729582
tpcds_sf100_t8,Q45,2~3<4<1,2,1,1.3225806451612903
tpcds_sf100_t8,Q46,2~3~4<1,2,1,1.6059322033898307
tpcds_sf100_t8,Q47,1~2~3~4,1,4,1.0
tpcds_sf100_t8,Q48,1<2<3<4,1,4,1.0
tpcds_sf100_t8,Q49,2~3~4<1,2,1,1.0536585365853661
tpcds_sf100_t8,Q50,4<2~3<1,4,1,2.891843971631206
tpcds_sf100_t8,Q51,4~1~2~3,4,3,1.0278551532033426
tpcds_sf100_t8,Q52,2~3~4<1,2,1,1.4951456310679612
tpcds_sf100_t8,Q53,2~3~4<1,2,1,1.5708955223880596
tpcds_sf100_t8,Q54,1~2~3~4,1,4,1.0
tpcds_sf100_t8,Q55,2~3~4<1,2,1,1.4951456310679612
tpcds_sf100_t8,Q56,4<2~3<1,4,1,1.331168831168831
tpcds_sf100_t8,Q57,1<2~3~4,1,4,1.0
tpcds_sf100_t8,Q58,1~2~3~4,1,4,1.0
tpcds_sf100_t8,Q59,1~2~3~4,1,4,1.0
tpcds_sf100_t8,Q60,2~3~4<1,2,1,1.3567567567567567
tpcds_sf100_t8,Q61,2~3~4<1,2,1,1.5442477876106198
tpcds_sf100_t8,Q62,1~2~3<4,1,4,1.0
tpcds_sf100_t8,Q63,2~3<4<1,2,1,1.6666666666666665
tpcds_sf100_t8,Q64,4<2<3<1,4,1,4.237837837837837
tpcds_sf100_t8,Q65,4<2~3~1,4,1,1.2457627118644068
tpcds_sf100_t8,Q66,2~3~4<1,2,1,1.4408602150537635
tpcds_sf100_t8,Q67,2~1~3~4,2,4,1.0023231801755292
tpcds_sf100_t8,Q68,4~2~3<1,4,1,1.4390243902439024
tpcds_sf100_t8,Q69,4<1~2~3,4,3,1.6371681415929207
tpcds_sf100_t8,Q70,4<2~3~1,4,1,1.090909090909091
tpcds_sf100_t8,Q71,4<2~3<1,4,1,1.4675324675324675
tpcds_sf100_t8,Q72,3~2~4<1,3,1,47.543581616481774
tpcds_sf100_t8,Q73,2~3~4<1,2,1,1.5694444444444444
tpcds_sf100_t8,Q74,2~4<1<3,2,3,1.1012345679012345
tpcds_sf100_t8,Q75,2~3~4<1,2,1,1.3231707317073171
tpcds_sf100_t8,Q76,4<1~3~2,4,2,1.1260162601626016
tpcds_sf100_t8,Q77,2~3<4<1,2,1,1.389189189189189
tpcds_sf100_t8,Q78,4<1~2<3,4,3,1.1048519736842104
tpcds_sf100_t8,Q79,2~3<4<1,2,1,1.4766536964980546
tpcds_sf100_t8,Q80,4<2~3<1,4,1,2.0364372469635628
tpcds_sf100_t8,Q81,1~2~3<4,1,4,1.0
tpcds_sf100_t8,Q82,4<2~3<1,4,1,49.26219512195123
tpcds_sf100_t8,Q83,2~3~4<1,2,1,2.0
tpcds_sf100_t8,Q84,4<2~3<1,4,1,3.452380952380953
tpcds_sf100_t8,Q85,1~2<3~4,1,4,1.0
tpcds_sf100_t8,Q86,1~2~3~4,1,4,1.0
tpcds_sf100_t8,Q87,4<1~2<3,4,3,1.089700996677741
tpcds_sf100_t8,Q88,2~3~4<1,2,1,1.9540389972144847
tpcds_sf100_t8,Q89,2~3~4<1,2,1,1.5838926174496644
tpcds_sf100_t8,Q90,2~3~4<1,2,1,1.7560975609756098
tpcds_sf100_t8,Q91,4<3<1~2,4,2,1.909090909090909
tpcds_sf100_t8,Q92,4<2~3<1,4,1,1.3846153846153846
tpcds_sf100_t8,Q93,2~4<3<1,2,1,1.4875
tpcds_sf100_t8,Q94,2~3~4<1,2,1,1.1219512195121952
tpcds_sf100_t8,Q95,4<2~1<3,4,3,9.076923076923077
tpcds_sf100_t8,Q96,2~3~4<1,2,1,1.5
tpcds_sf100_t8,Q97,1~2~3~4,1,4,1.0
tpcds_sf100_t8,Q98,2~3~4<1,2,1,1.3628318584070798
tpcds_sf100_t8,Q99,1~2~3<4,1,4,1.0
appian_t64,q01,4~1~2<3,4,3,1.0142857142857142
appian_t64,q02,1~2~4<3,1,3,1.0
appian_t64,q03,1~2~4<3,1,3,1.0
appian_t64,q04,1~2~4<3,1,3,1.0
appian_t64,q05,1~2~4<3,1,3,1.0
appian_t64,q06,1~2~4<3,1,3,1.0
appian_t64,q07,1~2~4<3,1,3,1.0
appian_t64,q08,1~2~4<3,1,3,1.0
job_t64,10a,4<3~2<1,4,1,1.222222222222222
job_t64,10b,4<2~3<1,4,1,1.2291666666666667
job_t64,10c,2~1~3<4,2,4,1.0133333333333334
job_t64,11a,2~3<4<1,2,1,1.1111111111111112
job_t64,11b,2~3~4<1,2,1,1.1470588235294117
job_t64,11c,3~2~4<1,3,1,1.25
job_t64,11d,2~3~4<1,2,1,1.1249999999999998
job_t64,12a,3~4~2<1,3,1,1.255813953488372
job_t64,12b,3~4~2<1,3,1,1.275
job_t64,12c,4~3~2<1,4,1,1.3636363636363635
job_t64,13a,2~3~4<1,2,1,2.1607142857142856
job_t64,13b,2~3~4<1,2,1,1.564102564102564
job_t64,13c,3~4~2<1,3,1,1.6111111111111114
job_t64,13d,2~3<4<1,2,1,1.4374999999999998
job_t64,14a,2~3~4<1,2,1,2.8000000000000003
job_t64,14b,2~3~4<1,2,1,2.8888888888888893
job_t64,14c,3~4~2<1,3,1,2.761904761904762
job_t64,15a,4~2~3<1,4,1,1.5588235294117647
job_t64,15b,2~3~4<1,2,1,1.5606060606060606
job_t64,15c,4~3~2<1,4,1,1.606060606060606
job_t64,15d,4<2~3<1,4,1,1.1666666666666667
job_t64,16a,4<3~2<1,4,1,1.5161290322580645
job_t64,16b,2~3<4<1,2,1,8.081818181818182
job_t64,16c,2~3~4<1,2,1,2.8160919540229887
job_t64,16d,2~3~4<1,2,1,2.6117647058823525
job_t64,17a,2~3~4<1,2,1,5.192307692307692
job_t64,17b,2~3<4<1,2,1,2.7
job_t64,17c,4~2~3<1,4,1,2.1296296296296293
job_t64,17d,4~2~3<1,4,1,2.0793650793650795
job_t64,17e,2~4~3<1,2,1,6.953488372093024
job_t64,17f,2~3~4<1,2,1,5.032967032967033
job_t64,18a,3~4~2<1,3,1,1.0945945945945947
job_t64,18b,3~2~4<1,3,1,1.59375
job_t64,18c,3~4~2<1,3,1,1.7894736842105263
job_t64,19a,4~3~2<1,4,1,1.4999999999999998
job_t64,19b,2~3~4<1,2,1,1.8888888888888888
job_t64,19c,4<2~3<1,4,1,1.5125
job_t64,19d,4~2<3<1,4,1,1.4100000000000001
job_t64,1a,2~3<4<1,2,1,1.2666666666666668
job_t64,1b,2<3<4<1,2,1,1.4285714285714286
job_t64,1c,2~3~1~4,2,4,1.0588235294117645
job_t64,1d,2~3<4<1,2,1,1.3
job_t64,20a,4~3~2<1,4,1,1.71875
job_t64,20b,2~4~3<1,2,1,1.1923076923076925
job_t64,20c,3~2<4<1,3,1,1.5625
job_t64,21a,2~3~4<1,2,1,1.08
job_t64,21b,2~3~4<1,2,1,1.0833333333333335
job_t64,21c,3~2~4<1,3,1,1.08
job_t64,22a,4<2~3<1,4,1,2.3529411764705883
job_t64,22b,4~2~3<1,4,1,2.2941176470588234
job_t64,22c,4~2~3<1,4,1,2.3703703703703702
job_t64,22d,4<3~2<1,4,1,2.8846153846153846
job_t64,23a,4~2~3<1,4,1,1.578125
job_t64,23b,2~3~4<1,2,1,1.6129032258064517
job_t64,23c,4~2~3<1,4,1,1.4285714285714286
job_t64,24a,4<3~2<1,4,1,1.7073170731707317
job_t64,24b,4~3~2<1,4,1,1.7361111111111112
job_t64,25a,4~3~2<1,4,1,1.881578947368421
job_t64,25b,4~2~3<1,4,1,1.9117647058823528
job_t64,25c,4~2~3<1,4,1,1.7023809523809523
job_t64,26a,3~4~2<1,3,1,1.4615384615384615
job_t64,26b,4~3~2<1,4,1,1.5
job_t64,26c,3~2<4<1,3,1,1.7142857142857144
job_t64,27a,2~3~4<1,2,1,1.1250000000000002
job_t64,27b,2~3<4<1,2,1,1.3
job_t64,27c,2~3~4<1,2,1,1.18
job_t64,28a,4<3~2<1,4,1,4.78
job_t64,28b,4~2~3<1,4,1,2.36734693877551
job_t64,28c,4<2~3<1,4,1,3.962962962962963
job_t64,29a,4~2~3<1,4,1,2.0
job_t64,29b,4~2~3<1,4,1,1.7012987012987013
job_t64,29c,4~3~2<1,4,1,2.5930232558139537
job_t64,2a,2~3~4<1,2,1,1.15
job_t64,2b,2~3~4<1,2,1,1.2105263157894737
job_t64,2c,3~2~4<1,3,1,1.5714285714285714
job_t64,2d,2~3~4<1,2,1,1.0681818181818181
job_t64,30a,4~3~2<1,4,1,1.8933333333333333
job_t64,30b,4~2~3<1,4,1,1.5211267605633805
job_t64,30c,4<3~2<1,4,1,1.923076923076923
job_t64,31a,4<2~3<1,4,1,1.9864864864864864
job_t64,31b,4~2~3<1,4,1,1.5694444444444444
job_t64,31c,4<2~3<1,4,1,2.144736842105263
job_t64,32a,4~3~2<1,4,1,1.1785714285714286
job_t64,32b,2~3<4<1,2,1,1.1176470588235294
job_t64,33a,2~3~4<1,2,1,1.5405405405405408
job_t64,33b,2~3<4<1,2,1,1.5294117647058822
job_t64,33c,4~2~3<1,4,1,1.7249999999999999
job_t64,3a,4~2~3<1,4,1,1.1020408163265307
job_t64,3b,1~2~3~4,1,4,1.0
job_t64,3c,2~3~4<1,2,1,1.08
job_t64,4a,4<2~3<1,4,1,1.2368421052631577
job_t64,4b,4~1~2~3,4,3,1.027027027027027
job_t64,4c,4<3~2<1,4,1,1.2307692307692306
job_t64,5a,3~2~4<1,3,1,3.714285714285714
job_t64,5b,4<2~3<1,4,1,2.9090909090909087
job_t64,5c,2~3~4<1,2,1,1.1276595744680853
job_t64,6a,4~1~3~2,4,2,1.0454545454545454
job_t64,6b,2~3<4<1,2,1,1.2105263157894737
job_t64,6c,2~3<4<1,2,1,1.1578947368421053
job_t64,6d,4<1~3~2,4,2,1.0909090909090908
job_t64,6e,3~2~4<1,3,1,1.121951219512195
job_t64,6f,2~1~4<3,2,3,1.0175438596491229
job_t64,7a,3~2~4<1,3,1,1.1774193548387097
job_t64,7b,3~2~4<1,3,1,1.6666666666666665
job_t64,7c,4~3~2<1,4,1,1.0666666666666667
job_t64,8a,2~3~4<1,2,1,1.3653846153846152
job_t64,8b,2~3~4<1,2,1,1.4375
job_t64,8c,2<1<4~3,2,3,1.0609756097560976
job_t64,8d,4<2~1<3,4,3,1.2096774193548387
job_t64,9a,4~3~2<1,4,1,1.3
job_t64,9b,2~3~4<1,2,1,1.5689655172413794
job_t64,9c,4<3~2<1,4,1,1.35
job_t64,9d,4~1~2~3,4,3,1.043010752688172
tpch_sf10_t64,Q01,1~2~3~4,1,4,1.0
tpch_sf10_t64,Q02,2~3~4<1,2,1,1.0943396226415094
tpch_sf10_t64,Q03,2~4~1~3,2,3,1.0178571428571426
tpch_sf10_t64,Q04,1~2~4<3,1,3,1.0
tpch_sf10_t64,Q05,1~2<4~3,1,3,1.0
tpch_sf10_t64,Q06,1~2~3~4,1,4,1.0
tpch_sf10_t64,Q07,2~3~4<1,2,1,1.1311475409836065
tpch_sf10_t64,Q08,1~4~2~3,1,3,1.0
tpch_sf10_t64,Q09,4~2~3~1,4,1,1.0617283950617282
tpch_sf10_t64,Q10,1~2~3~4,1,4,1.0
tpch_sf10_t64,Q11,4<1~2~3,4,3,1.0526315789473684
tpch_sf10_t64,Q12,1~2~4~3,1,3,1.0
tpch_sf10_t64,Q13,1~2~4<3,1,3,1.0
tpch_sf10_t64,Q14,1~2~3<4,1,4,1.0
tpch_sf10_t64,Q15,4~1~2~3,4,3,1.0101010101010102
tpch_sf10_t64,Q16,1~2~3~4,1,4,1.0
tpch_sf10_t64,Q17,1~2~3~4,1,4,1.0
tpch_sf10_t64,Q18,1~2~4<3,1,3,1.0
tpch_sf10_t64,Q19,1~2~3~4,1,4,1.0
tpch_sf10_t64,Q20,2~3~4~1,2,1,1.0175438596491229
tpch_sf10_t64,Q21,1~2~4<3,1,3,1.0
tpch_sf10_t64,Q22,1~2~3~4,1,4,1.0
tpch_sf20_t64,Q01,1~2~3~4,1,4,1.0
tpch_sf20_t64,Q02,2~3~4~1,2,1,1.0999999999999999
tpch_sf20_t64,Q03,2~3~4~1,2,1,1.032258064516129
tpch_sf20_t64,Q04,4~2~1~3,4,3,1.0147058823529411
tpch_sf20_t64,Q05,1~2~3<4,1,4,1.0
tpch_sf20_t64,Q06,1~2~3~4,1,4,1.0
tpch_sf20_t64,Q07,2~3~4<1,2,1,1.145631067961165
tpch_sf20_t64,Q08,4~2~3~1,4,1,1.0495049504950495
tpch_sf20_t64,Q09,4~2~3~1,4,1,1.0666666666666667
tpch_sf20_t64,Q10,1~2~3<4,1,4,1.0
tpch_sf20_t64,Q11,4~1~2~3,4,3,1.0434782608695652
tpch_sf20_t64,Q12,1~2~3~4,1,4,1.0
tpch_sf20_t64,Q13,4~1~2<3,4,3,1.0062111801242235
tpch_sf20_t64,Q14,4~1~2~3,4,3,1.0128205128205128
tpch_sf20_t64,Q15,1~2~3~4,1,4,1.0
tpch_sf20_t64,Q16,1~2~3~4,1,4,1.0
tpch_sf20_t64,Q17,1~2~3~4,1,4,1.0
tpch_sf20_t64,Q18,2~4~1<3,2,3,1.0071942446043165
tpch_sf20_t64,Q19,1~2~3~4,1,4,1.0
tpch_sf20_t64,Q20,2~3~4~1,2,1,1.0217391304347825
tpch_sf20_t64,Q21,4~1~2<3,4,3,1.0081967213114753
tpch_sf20_t64,Q22,1~2~4<3,1,3,1.0
tpch_sf50_t64,Q01,1~3~4~2,1,2,1.0
tpch_sf50_t64,Q02,3~2~4~1,3,1,1.065934065934066
tpch_sf50_t64,Q03,3<1~4~2,3,2,1.0909090909090908
tpch_sf50_t64,Q04,1~4~2~3,1,3,1.0
tpch_sf50_t64,Q05,1~2~3<4,1,4,1.0
tpch_sf50_t64,Q06,1~2~3~4,1,4,1.0
tpch_sf50_t64,Q07,2~3~4<1,2,1,1.213389121338912
tpch_sf50_t64,Q08,2~4~3~1,2,1,1.0448717948717952
tpch_sf50_t64,Q09,4<2~3~1,4,1,1.1103896103896103
tpch_sf50_t64,Q10,2~3~1~4,2,4,1.0091324200913243
tpch_sf50_t64,Q11,4<2~3~1,4,1,1.0735294117647058
tpch_sf50_t64,Q12,2~1~4~3,2,3,1.003105590062112
tpch_sf50_t64,Q13,1~2~4<3,1,3,1.0
tpch_sf50_t64,Q14,4~1~2~3,4,3,1.0317002881844382
tpch_sf50_t64,Q15,1~2~4~3,1,3,1.0
tpch_sf50_t64,Q16,1~2~3~4,1,4,1.0
tpch_sf50_t64,Q17,1~2~3~4,1,4,1.0
tpch_sf50_t64,Q18,1~2~4<3,1,3,1.0
tpch_sf50_t64,Q19,3~1~2~4,3,4,1.009049773755656
tpch_sf50_t64,Q20,3~4~2~1,3,1,1.0221674876847293
tpch_sf50_t64,Q21,4~2~1<3,4,3,1.0492125984251968
tpch_sf50_t64,Q22,1~4~2<3,1,3,1.0
tpch_sf100_t64,Q01,2~4~1~3,2,3,1.0042194092827004
tpch_sf100_t64,Q02,2~3~4<1,2,1,1.1232876712328768
tpch_sf100_t64,Q03,2~3~4<1,2,1,1.1072423398328692
tpch_sf100_t64,Q04,1~2~4~3,1,3,1.0
tpch_sf100_t64,Q05,1~2~3<4,1,4,1.0
tpch_sf100_t64,Q06,2~3~4~1,2,1,1.0020964360587004
tpch_sf100_t64,Q07,2~3~4<1,2,1,1.1594202898550723
tpch_sf100_t64,Q08,2~3~1~4,2,4,1.0010940919037197
tpch_sf100_t64,Q09,4<2~3~1,4,1,1.0866013071895426
tpch_sf100_t64,Q10,4~1~2~3,4,3,1.0074074074074073
tpch_sf100_t64,Q11,4~3~2~1,4,1,1.074074074074074
tpch_sf100_t64,Q12,1~2~4~3,1,3,1.0
tpch_sf100_t64,Q13,1~2~4<3,1,3,1.0
tpch_sf100_t64,Q14,4~3~1~2,4,2,1.0369318181818181
tpch_sf100_t64,Q15,1~2~4~3,1,3,1.0
tpch_sf100_t64,Q16,1~2~4~3,1,3,1.0
tpch_sf100_t64,Q17,1~3~2~4,1,4,1.0
tpch_sf100_t64,Q18,1~2~4<3,1,3,1.0
tpch_sf100_t64,Q19,1~2~3~4,1,4,1.0
tpch_sf100_t64,Q20,2~1~3~4,2,4,1.0026954177897576
tpch_sf100_t64,Q21,4~1~2<3,4,3,1.012310606060606
tpch_sf100_t64,Q22,1~2~4<3,1,3,1.0
tpcds_sf10_t64,Q01,1~2~4<3,1,3,1.0
tpcds_sf10_t64,Q02,1~2~3~4,1,4,1.0
tpcds_sf10_t64,Q03,1~2~3~4,1,4,1.0
tpcds_sf10_t64,Q04,1<2~3~4,1,4,1.0
tpcds_sf10_t64,Q05,1~2~4<3,1,3,1.0
tpcds_sf10_t64,Q06,1~2~3~4,1,4,1.0
tpcds_sf10_t64,Q07,1~2~3~4,1,4,1.0
tpcds_sf10_t64,Q08,1~2~3~4,1,4,1.0
tpcds_sf10_t64,Q09,1~2~3~4,1,4,1.0
tpcds_sf10_t64,Q10,1~2~4<3,1,3,1.0
tpcds_sf10_t64,Q11,2~3<1<4,2,4,1.1265060240963856
tpcds_sf10_t64,Q12,2~1~3~4,2,4,1.032258064516129
tpcds_sf10_t64,Q13,1~2~3<4,1,4,1.0
tpcds_sf10_t64,Q14,1<2~3~4,1,4,1.0
tpcds_sf10_t64,Q15,1~2~3~4,1,4,1.0
tpcds_sf10_t64,Q16,1~2~3~4,1,4,1.0
tpcds_sf10_t64,Q17,2~3<4<1,2,1,1.3571428571428574
tpcds_sf10_t64,Q18,2~3~4<1,2,1,1.3125
tpcds_sf10_t64,Q19,1~2~3~4,1,4,1.0
tpcds_sf10_t64,Q20,1<2~3~4,1,4,1.0
tpcds_sf10_t64,Q21,1~2~3~4,1,4,1.0
tpcds_sf10_t64,Q22,1~3~2~4,1,4,1.0
tpcds_sf10_t64,Q23,1~2~3~4,1,4,1.0
tpcds_sf10_t64,Q24,2~3~4<1,2,1,1.1057692307692306
tpcds_sf10_t64,Q25,1~2~3~4,1,4,1.0
tpcds_sf10_t64,Q26,2~3~4<1,2,1,1.2380952380952381
tpcds_sf10_t64,Q27,2~3~4<1,2,1,1.1923076923076923
tpcds_sf10_t64,Q28,1~2~3~4,1,4,1.0
tpcds_sf10_t64,Q29,1~2~3~4,1,4,1.0
tpcds_sf10_t64,Q30,1~2~3~4,1,4,1.0
tpcds_sf10_t64,Q31,1~2~3<4,1,4,1.0
tpcds_sf10_t64,Q32,1~2~3~4,1,4,1.0
tpcds_sf10_t64,Q33,1~2~3<4,1,4,1.0
tpcds_sf10_t64,Q34,1~2~3<4,1,4,1.0
tpcds_sf10_t64,Q35,1~2~3~4,1,4,1.0
tpcds_sf10_t64,Q36,1~2~3~4,1,4,1.0
tpcds_sf10_t64,Q37,2~3~4<1,2,1,3.0
tpcds_sf10_t64,Q38,1~2~3~4,1,4,1.0
tpcds_sf10_t64,Q39,1~2~3~4,1,4,1.0
tpcds_sf10_t64,Q40,1~2~3~4,1,4,1.0
tpcds_sf10_t64,Q41,1~2~3~4,1,4,1.0
tpcds_sf10_t64,Q42,1~2~3~4,1,4,1.0
tpcds_sf10_t64,Q43,1~2~3<4,1,4,1.0
tpcds_sf10_t64,Q44,4<2~1~3,4,3,1.0812372337321272
tpcds_sf10_t64,Q45,1~2~3~4,1,4,1.0
tpcds_sf10_t64,Q46,1~2~3~4,1,4,1.0
tpcds_sf10_t64,Q47,1~2~3~4,1,4,1.0
tpcds_sf10_t64,Q48,1~2~3~4,1,4,1.0
tpcds_sf10_t64,Q49,1~2~3~4,1,4,1.0
tpcds_sf10_t64,Q50,2~3~4<1,2,1,1.119047619047619
tpcds_sf10_t64,Q51,1~2~3~4,1,4,1.0
tpcds_sf10_t64,Q52,1~2~3~4,1,4,1.0
tpcds_sf10_t64,Q53,1~2~3~4,1,4,1.0
tpcds_sf10_t64,Q54,1~2~3~4,1,4,1.0
tpcds_sf10_t64,Q55,1~2~3~4,1,4,1.0
tpcds_sf10_t64,Q56,1~3~4<2,1,2,1.0
tpcds_sf10_t64,Q57,1~2~3<4,1,4,1.0
tpcds_sf10_t64,Q58,1~2~3~4,1,4,1.0
tpcds_sf10_t64,Q59,1~2~3~4,1,4,1.0
tpcds_sf10_t64,Q60,1~2~3~4,1,4,1.0
tpcds_sf10_t64,Q61,2~3~4<1,2,1,1.2380952380952381
tpcds_sf10_t64,Q62,1~2~3<4,1,4,1.0
tpcds_sf10_t64,Q63,1~2~3~4,1,4,1.0
tpcds_sf10_t64,Q64,2~3~4<1,2,1,1.136986301369863
tpcds_sf10_t64,Q65,4<1~2~3,4,3,1.3843283582089552
tpcds_sf10_t64,Q66,1~2~3~4,1,4,1.0
tpcds_sf10_t64,Q67,1~2~3<4,1,4,1.0
tpcds_sf10_t64,Q68,1~2~3~4,1,4,1.0
tpcds_sf10_t64,Q69,1~2~3~4,1,4,1.0
tpcds_sf10_t64,Q70,1~2~3<4,1,4,1.0
tpcds_sf10_t64,Q71,1~2~3~4,1,4,1.0
tpcds_sf10_t64,Q72,2~3<4<1,2,1,9.134615384615385
tpcds_sf10_t64,Q73,1~2~3~4,1,4,1.0
tpcds_sf10_t64,Q74,2<3<1<4,2,4,1.1587301587301586
tpcds_sf10_t64,Q75,1~2~3~4,1,4,1.0
tpcds_sf10_t64,Q76,1~2~3~4,1,4,1.0
tpcds_sf10_t64,Q77,1~2~3~4,1,4,1.0
tpcds_sf10_t64,Q78,1~2~3<4,1,4,1.0
tpcds_sf10_t64,Q79,1~2~3<4,1,4,1.0
tpcds_sf10_t64,Q80,1~2~3~4,1,4,1.0
tpcds_sf10_t64,Q81,1~2~3~4,1,4,1.0
tpcds_sf10_t64,Q82,2~3~4<1,2,1,2.1249999999999996
tpcds_sf10_t64,Q83,1~2~3~4,1,4,1.0
tpcds_sf10_t64,Q84,1~2~3~4,1,4,1.0
tpcds_sf10_t64,Q85,1~2<3<4,1,4,1.0
tpcds_sf10_t64,Q86,1~2~3~4,1,4,1.0
tpcds_sf10_t64,Q87,1~2~3~4,1,4,1.0
tpcds_sf10_t64,Q88,2~3<1~4,2,4,1.3125
tpcds_sf10_t64,Q89,1~2~3~4,1,4,1.0
tpcds_sf10_t64,Q90,1~2~3~4,1,4,1.0
tpcds_sf10_t64,Q91,1~2~3~4,1,4,1.0
tpcds_sf10_t64,Q92,1~2~3~4,1,4,1.0
tpcds_sf10_t64,Q93,1~2~3~4,1,4,1.0
tpcds_sf10_t64,Q94,1~2~3~4,1,4,1.0
tpcds_sf10_t64,Q95,4<1~2<3,4,3,1.9375
tpcds_sf10_t64,Q96,3~1~2~4,3,4,1.0158730158730158
tpcds_sf10_t64,Q97,1~2~3~4,1,4,1.0
tpcds_sf10_t64,Q98,1~2~3~4,1,4,1.0
tpcds_sf10_t64,Q99,1~2~3<4,1,4,1.0
tpcds_sf20_t64,Q01,1~2~4<3,1,3,1.0
tpcds_sf20_t64,Q02,1~2<3~4,1,4,1.0
tpcds_sf20_t64,Q03,1~2<3~4,1,4,1.0
tpcds_sf20_t64,Q04,1<2~3~4,1,4,1.0
tpcds_sf20_t64,Q05,1~2<3~4,1,4,1.0
tpcds_sf20_t64,Q06,1~2~3~4,1,4,1.0
tpcds_sf20_t64,Q07,1~2<3~4,1,4,1.0
tpcds_sf20_t64,Q08,1~2<3~4,1,4,1.0
tpcds_sf20_t64,Q09,1~2~3~4,1,4,1.0
tpcds_sf20_t64,Q10,1~2<3~4,1,4,1.0
tpcds_sf20_t64,Q11,1<3~2<4,1,4,1.0
tpcds_sf20_t64,Q12,1~2~3~4,1,4,1.0
tpcds_sf20_t64,Q13,1~2<3<4,1,4,1.0
tpcds_sf20_t64,Q14,1<2<3<4,1,4,1.0
tpcds_sf20_t64,Q15,1~2~3<4,1,4,1.0
tpcds_sf20_t64,Q16,1~2~3~4,1,4,1.0
tpcds_sf20_t64,Q17,2<3<1<4,2,4,1.25
tpcds_sf20_t64,Q18,1~2~3~4,1,4,1.0
tpcds_sf20_t64,Q19,1~2<3~4,1,4,1.0
tpcds_sf20_t64,Q20,1~2~3~4,1,4,1.0
tpcds_sf20_t64,Q21,1~2~3~4,1,4,1.0
tpcds_sf20_t64,Q22,1~2<3~4,1,4,1.0
tpcds_sf20_t64,Q23,1~2<3~4,1,4,1.0
tpcds_sf20_t64,Q24,1~2<3<4,1,4,1.0
tpcds_sf20_t64,Q25,1~2<3<4,1,4,1.0
tpcds_sf20_t64,Q26,1~2~3~4,1,4,1.0
tpcds_sf20_t64,Q27,2<3<4~1,2,1,1.2530120481927711
tpcds_sf20_t64,Q28,1~2~3~4,1,4,1.0
tpcds_sf20_t64,Q29,1~2<3~4,1,4,1.0
tpcds_sf20_t64,Q30,1~2~3<4,1,4,1.0
tpcds_sf20_t64,Q31,1~2<3<4,1,4,1.0
tpcds_sf20_t64,Q32,1~2~3~4,1,4,1.0
tpcds_sf20_t64,Q33,1~2<3~4,1,4,1.0
tpcds_sf20_t64,Q34,1~2~3<4,1,4,1.0
tpcds_sf20_t64,Q35,1~2<3~4,1,4,1.0
tpcds_sf20_t64,Q36,1~2<3<4,1,4,1.0
tpcds_sf20_t64,Q37,2<3~4<1,2,1,2.4761904761904763
tpcds_sf20_t64,Q38,1~2~3<4,1,4,1.0
tpcds_sf20_t64,Q39,1~2~3~4,1,4,1.0
tpcds_sf20_t64,Q40,2~4<3~1,2,1,1.523809523809524
tpcds_sf20_t64,Q41,1~2~3~4,1,4,1.0
tpcds_sf20_t64,Q42,1~2<3~4,1,4,1.0
tpcds_sf20_t64,Q43,1~2<3<4,1,4,1.0
tpcds_sf20_t64,Q44,1~2~3~4,1,4,1.0
tpcds_sf20_t64,Q45,1~2~3~4,1,4,1.0
tpcds_sf20_t64,Q46,1<2<3<4,1,4,1.0
tpcds_sf20_t64,Q47,1~2<3~4,1,4,1.0
tpcds_sf20_t64,Q48,1~2<3<4,1,4,1.0
tpcds_sf20_t64,Q49,1~2<3~4,1,4,1.0
tpcds_sf20_t64,Q50,2<1~3<4,2,4,1.1923076923076923
tpcds_sf20_t64,Q51,1~2~3~4,1,4,1.0
tpcds_sf20_t64,Q52,1~2<3~4,1,4,1.0
tpcds_sf20_t64,Q53,1~2<3<4,1,4,1.0
tpcds_sf20_t64,Q54,1~2~3~4,1,4,1.0
tpcds_sf20_t64,Q55,1~2<3~4,1,4,1.0
tpcds_sf20_t64,Q56,1~2<3~4,1,4,1.0
tpcds_sf20_t64,Q57,1~2<3~4,1,4,1.0
tpcds_sf20_t64,Q58,1~2<3~4,1,4,1.0
tpcds_sf20_t64,Q59,1~2<3~4,1,4,1.0
tpcds_sf20_t64,Q60,1~2<3~4,1,4,1.0
tpcds_sf20_t64,Q61,1~2~3<4,1,4,1.0
tpcds_sf20_t64,Q62,1~2~3<4,1,4,1.0
tpcds_sf20_t64,Q63,1~2<3~4,1,4,1.0
tpcds_sf20_t64,Q64,2~1<3~4,2,4,1.0482456140350878
tpcds_sf20_t64,Q65,1<2~3<4,1,4,1.0
tpcds_sf20_t64,Q66,1~2<3~4,1,4,1.0
tpcds_sf20_t64,Q67,1~2~3~4,1,4,1.0
tpcds_sf20_t64,Q68,1~2<3~4,1,4,1.0
tpcds_sf20_t64,Q69,1~2<3~4,1,4,1.0
tpcds_sf20_t64,Q70,1<2~3<4,1,4,1.0
tpcds_sf20_t64,Q71,1~2<3~4,1,4,1.0
tpcds_sf20_t64,Q72,2~3~4<1,2,1,3.2261904761904763
tpcds_sf20_t64,Q73,2<1~3<4,2,4,1.2380952380952381
tpcds_sf20_t64,Q74,1~2~3<4,1,4,1.0
tpcds_sf20_t64,Q75,1~2<3~4,1,4,1.0
tpcds_sf20_t64,Q76,1~2<3~4,1,4,1.0
tpcds_sf20_t64,Q77,1~2<3~4,1,4,1.0
tpcds_sf20_t64,Q78,1~2<3<4,1,4,1.0
tpcds_sf20_t64,Q79,1~2<3~4,1,4,1.0
tpcds_sf20_t64,Q80,1~2<4<3,1,3,1.0
tpcds_sf20_t64,Q81,1~2~3~4,1,4,1.0
tpcds_sf20_t64,Q82,2~3~4<1,2,1,1.8124999999999998
tpcds_sf20_t64,Q83,1~2~3~4,1,4,1.0
tpcds_sf20_t64,Q84,1~2~3~4,1,4,1.0
tpcds_sf20_t64,Q85,1<2<3~4,1,4,1.0
tpcds_sf20_t64,Q86,1~2~3~4,1,4,1.0
tpcds_sf20_t64,Q87,1~2<3<4,1,4,1.0
tpcds_sf20_t64,Q88,1~2~3<4,1,4,1.0
tpcds_sf20_t64,Q89,1~2<3<4,1,4,1.0
tpcds_sf20_t64,Q90,1~2<3~4,1,4,1.0
tpcds_sf20_t64,Q91,1~2~3~4,1,4,1.0
tpcds_sf20_t64,Q92,1~2~3~4,1,4,1.0
tpcds_sf20_t64,Q93,2<1~3~4,2,4,1.1923076923076923
tpcds_sf20_t64,Q94,1~2~3~4,1,4,1.0
tpcds_sf20_t64,Q95,4<1~2<3,4,3,1.6153846153846152
tpcds_sf20_t64,Q96,1~2<3~4,1,4,1.0
tpcds_sf20_t64,Q97,1~2<3~4,1,4,1.0
tpcds_sf20_t64,Q98,1~2<3~4,1,4,1.0
tpcds_sf20_t64,Q99,1~2~3<4,1,4,1.0
tpcds_sf50_t64,Q01,1~2~4<3,1,3,1.0
tpcds_sf50_t64,Q02,1~2~3~4,1,4,1.0
tpcds_sf50_t64,Q03,1~2~3~4,1,4,1.0
tpcds_sf50_t64,Q04,1<3~2<4,1,4,1.0
tpcds_sf50_t64,Q05,1~2~3~4,1,4,1.0
tpcds_sf50_t64,Q06,1~2~3~4,1,4,1.0
tpcds_sf50_t64,Q07,2~3~1~4,2,4,1.0261780104712042
tpcds_sf50_t64,Q08,1~2~3~4,1,4,1.0
tpcds_sf50_t64,Q09,1~2~3~4,1,4,1.0
tpcds_sf50_t64,Q10,1~2~3~4,1,4,1.0
tpcds_sf50_t64,Q11,1<3~2<4,1,4,1.0
tpcds_sf50_t64,Q12,1~2~3~4,1,4,1.0
tpcds_sf50_t64,Q13,1~2~3<4,1,4,1.0
tpcds_sf50_t64,Q14,1<2~3<4,1,4,1.0
tpcds_sf50_t64,Q15,1~2~3~4,1,4,1.0
tpcds_sf50_t64,Q16,1~2~3~4,1,4,1.0
tpcds_sf50_t64,Q17,2~3~4<1,2,1,1.3896551724137933
tpcds_sf50_t64,Q18,2~3<4<1,2,1,1.1774193548387097
tpcds_sf50_t64,Q19,1~2~3~4,1,4,1.0
tpcds_sf50_t64,Q20,1~2~3~4,1,4,1.0
tpcds_sf50_t64,Q21,1~2~3~4,1,4,1.0
tpcds_sf50_t64,Q22,1<2~3~4,1,4,1.0
tpcds_sf50_t64,Q23,1~3~2<4,1,4,1.0
tpcds_sf50_t64,Q24,1~2~3<4,1,4,1.0
tpcds_sf50_t64,Q25,1~2~3~4,1,4,1.0
tpcds_sf50_t64,Q26,2<1~3~4,2,4,1.1063829787234043
tpcds_sf50_t64,Q27,2~3~4<1,2,1,1.0533980582524272
tpcds_sf50_t64,Q28,1~3~4~2,1,2,1.0
tpcds_sf50_t64,Q29,1~2~4~3,1,3,1.0
tpcds_sf50_t64,Q30,1~2~3<4,1,4,1.0
tpcds_sf50_t64,Q31,1~2~3<4,1,4,1.0
tpcds_sf50_t64,Q32,1~2~3~4,1,4,1.0
tpcds_sf50_t64,Q33,1~2~3~4,1,4,1.0
tpcds_sf50_t64,Q34,1~2~3<4,1,4,1.0
tpcds_sf50_t64,Q35,1~2~3~4,1,4,1.0
tpcds_sf50_t64,Q36,1~2~3<4,1,4,1.0
tpcds_sf50_t64,Q37,2~3~4<1,2,1,4.064516129032258
tpcds_sf50_t64,Q38,1~2~3<4,1,4,1.0
tpcds_sf50_t64,Q39,2~3~1<4,2,4,1.032258064516129
tpcds_sf50_t64,Q40,2~3~4<1,2,1,1.3125
tpcds_sf50_t64,Q41,1~2~3~4,1,4,1.0
tpcds_sf50_t64,Q42,1~2~3~4,1,4,1.0
tpcds_sf50_t64,Q43,1~2~3<4,1,4,1.0
tpcds_sf50_t64,Q44,4~2~3~1,4,1,1.0080227743271222
tpcds_sf50_t64,Q45,1~2~3<4,1,4,1.0
tpcds_sf50_t64,Q46,1~2~3~4,1,4,1.0
tpcds_sf50_t64,Q47,1~2~3~4,1,4,1.0
tpcds_sf50_t64,Q48,1~2~3<4,1,4,1.0
tpcds_sf50_t64,Q49,1~2~3~4,1,4,1.0
tpcds_sf50_t64,Q50,2~3~1<4,2,4,1.007462686567164
tpcds_sf50_t64,Q51,1~3~2~4,1,4,1.0
tpcds_sf50_t64,Q52,1~2~3~4,1,4,1.0
tpcds_sf50_t64,Q53,1~2~3<4,1,4,1.0
tpcds_sf50_t64,Q54,1~2~3~4,1,4,1.0
tpcds_sf50_t64,Q55,1~3~2~4,1,4,1.0
tpcds_sf50_t64,Q56,1~2~3~4,1,4,1.0
tpcds_sf50_t64,Q57,1~2~3<4,1,4,1.0
tpcds_sf50_t64,Q58,1~2~3~4,1,4,1.0
tpcds_sf50_t64,Q59,1~2~3~4,1,4,1.0
tpcds_sf50_t64,Q60,2~3~4<1,2,1,1.062857142857143
tpcds_sf50_t64,Q61,1~2~3~4,1,4,1.0
tpcds_sf50_t64,Q62,1~2~3~4,1,4,1.0
tpcds_sf50_t64,Q63,1~2~3<4,1,4,1.0
tpcds_sf50_t64,Q64,2~3~4~1,2,1,1.0410447761194028
tpcds_sf50_t64,Q65,4~1<2~3,4,3,1.0034602076124566
tpcds_sf50_t64,Q66,1~2~3<4,1,4,1.0
tpcds_sf50_t64,Q67,1~2~3~4,1,4,1.0
tpcds_sf50_t64,Q68,3<1~2~4,3,4,1.0510204081632653
tpcds_sf50_t64,Q69,1~2~3~4,1,4,1.0
tpcds_sf50_t64,Q70,1<2~3<4,1,4,1.0
tpcds_sf50_t64,Q71,1~2~3~4,1,4,1.0
tpcds_sf50_t64,Q72,2~3~4<1,2,1,5.349315068493151
tpcds_sf50_t64,Q73,1~2~3~4,1,4,1.0
tpcds_sf50_t64,Q74,1<2~3<4,1,4,1.0
tpcds_sf50_t64,Q75,1~2~3~4,1,4,1.0
tpcds_sf50_t64,Q76,1~2~3~4,1,4,1.0
tpcds_sf50_t64,Q77,1~2~3~4,1,4,1.0
tpcds_sf50_t64,Q78,1~2~3<4,1,4,1.0
tpcds_sf50_t64,Q79,1~2~3<4,1,4,1.0
tpcds_sf50_t64,Q80,4~1~2~3,4,3,1.0443037974683544
tpcds_sf50_t64,Q81,1~2~3~4,1,4,1.0
tpcds_sf50_t64,Q82,4<3<2<1,4,1,3.369047619047619
tpcds_sf50_t64,Q83,1~2~3~4,1,4,1.0
tpcds_sf50_t64,Q84,2~3~4<1,2,1,1.15625
tpcds_sf50_t64,Q85,1~2~3~4,1,4,1.0
tpcds_sf50_t64,Q86,1~2~3~4,1,4,1.0
tpcds_sf50_t64,Q87,1~2~3<4,1,4,1.0
tpcds_sf50_t64,Q88,2~3<4<1,2,1,1.2234042553191489
tpcds_sf50_t64,Q89,2~3~1~4,2,4,1.0403225806451613
tpcds_sf50_t64,Q90,1~2~3~4,1,4,1.0
tpcds_sf50_t64,Q91,4<1~2~3,4,3,1.4761904761904763
tpcds_sf50_t64,Q92,2~3~4~1,2,1,1.0192307692307692
tpcds_sf50_t64,Q93,2~3~4~1,2,1,1.007462686567164
tpcds_sf50_t64,Q94,1~2~3~4,1,4,1.0
tpcds_sf50_t64,Q95,4<1~2<3,4,3,2.223404255319149
tpcds_sf50_t64,Q96,1~2~3~4,1,4,1.0
tpcds_sf50_t64,Q97,1~2~3~4,1,4,1.0
tpcds_sf50_t64,Q98,3<1~2~4,3,4,1.096153846153846
tpcds_sf50_t64,Q99,1~2~3<4,1,4,1.0
tpcds_sf100_t64,Q01,1~2~4<3,1,3,1.0
tpcds_sf100_t64,Q02,1~2~3~4,1,4,1.0
tpcds_sf100_t64,Q03,1~2~3~4,1,4,1.0
tpcds_sf100_t64,Q04,1<2<3~4,1,4,1.0
tpcds_sf100_t64,Q05,1~2~4~3,1,3,1.0
tpcds_sf100_t64,Q06,1~2~4<3,1,3,1.0
tpcds_sf100_t64,Q07,1~2~3~4,1,4,1.0
tpcds_sf100_t64,Q08,4~1~2~3,4,3,1.040485829959514
tpcds_sf100_t64,Q09,1~2~3~4,1,4,1.0
tpcds_sf100_t64,Q10,1~2~3~4,1,4,1.0
tpcds_sf100_t64,Q11,1<2~3<4,1,4,1.0
tpcds_sf100_t64,Q12,1~2~3~4,1,4,1.0
tpcds_sf100_t64,Q13,1~2~3<4,1,4,1.0
tpcds_sf100_t64,Q14,1<2~3<4,1,4,1.0
tpcds_sf100_t64,Q15,1~2~3~4,1,4,1.0
tpcds_sf100_t64,Q16,1~2~3~4,1,4,1.0
tpcds_sf100_t64,Q17,2~3~4<1,2,1,1.4645522388059702
tpcds_sf100_t64,Q18,2~3~4~1,2,1,1.0434782608695652
tpcds_sf100_t64,Q19,1~2~3~4,1,4,1.0
tpcds_sf100_t64,Q20,1~2~3<4,1,4,1.0
tpcds_sf100_t64,Q21,1~2~3<4,1,4,1.0
tpcds_sf100_t64,Q22,2~1~3~4,2,4,1.0013831258644537
tpcds_sf100_t64,Q23,1~2~4<3,1,3,1.0
tpcds_sf100_t64,Q24,3~2~1<4,3,4,1.05
tpcds_sf100_t64,Q25,2~3~4<1,2,1,1.0517241379310345
tpcds_sf100_t64,Q26,1~2~3<4,1,4,1.0
tpcds_sf100_t64,Q27,4~3~2<1,4,1,1.0835579514824796
tpcds_sf100_t64,Q28,1~3~2~4,1,4,1.0
tpcds_sf100_t64,Q29,2~3~1~4,2,4,1.0344827586206897
tpcds_sf100_t64,Q30,1~2~3~4,1,4,1.0
tpcds_sf100_t64,Q31,1~2~3<4,1,4,1.0
tpcds_sf100_t64,Q32,1~2~3~4,1,4,1.0
tpcds_sf100_t64,Q33,1~2~3~4,1,4,1.0
tpcds_sf100_t64,Q34,2~3<1~4,2,4,1.0598290598290598
tpcds_sf100_t64,Q35,1~2~4<3,1,3,1.0
tpcds_sf100_t64,Q36,1~2~3~4,1,4,1.0
tpcds_sf100_t64,Q37,2~3~4<1,2,1,6.150602409638555
tpcds_sf100_t64,Q38,1<2<3<4,1,4,1.0
tpcds_sf100_t64,Q39,2~3<1~4,2,4,1.1923076923076923
tpcds_sf100_t64,Q40,4<1~2~3,4,3,1.625
tpcds_sf100_t64,Q41,1~2~3~4,1,4,1.0
tpcds_sf100_t64,Q42,1~2~3~4,1,4,1.0
tpcds_sf100_t64,Q43,1~2~3<4,1,4,1.0
tpcds_sf100_t64,Q44,4<1~3~2,4,2,1.0508777279261228
tpcds_sf100_t64,Q45,1~2~3~4,1,4,1.0
tpcds_sf100_t64,Q46,4~1~2~3,4,3,1.0334448160535117
tpcds_sf100_t64,Q47,1~2~3~4,1,4,1.0
tpcds_sf100_t64,Q48,1~2~3<4,1,4,1.0
tpcds_sf100_t64,Q49,1~2~3~4,1,4,1.0
tpcds_sf100_t64,Q50,2~3~1<4,2,4,1.0464135021097045
tpcds_sf100_t64,Q51,1~2~3~4,1,4,1.0
tpcds_sf100_t64,Q52,1~2~3~4,1,4,1.0
tpcds_sf100_t64,Q53,1~2~3~4,1,4,1.0
tpcds_sf100_t64,Q54,1~2~3~4,1,4,1.0
tpcds_sf100_t64,Q55,1~2~3~4,1,4,1.0
tpcds_sf100_t64,Q56,4~1~2~3,4,3,1.028125
tpcds_sf100_t64,Q57,1~2~3~4,1,4,1.0
tpcds_sf100_t64,Q58,3~2~1~4,3,4,1.0269541778975741
tpcds_sf100_t64,Q59,1~2~3~4,1,4,1.0
tpcds_sf100_t64,Q60,2~3~1~4,2,4,1.0303030303030303
tpcds_sf100_t64,Q61,1~2~3~4,1,4,1.0
tpcds_sf100_t64,Q62,1~2~3~4,1,4,1.0
tpcds_sf100_t64,Q63,1~2~3~4,1,4,1.0
tpcds_sf100_t64,Q64,4~2~3~1,4,1,1.0532710280373832
tpcds_sf100_t64,Q65,4<1~3~2,4,2,1.2804628999319267
tpcds_sf100_t64,Q66,1~2~3<4,1,4,1.0
tpcds_sf100_t64,Q67,2~1~3~4,2,4,1.0070036540803897
tpcds_sf100_t64,Q68,4~1~2~3,4,3,1.0269541778975741
tpcds_sf100_t64,Q69,1~2~3~4,1,4,1.0
tpcds_sf100_t64,Q70,1<2~3~4,1,4,1.0
tpcds_sf100_t64,Q71,1~2~3~4,1,4,1.0
tpcds_sf100_t64,Q72,4~2~3<1,4,1,25.672828096118295
tpcds_sf100_t64,Q73,3~2~1~4,3,4,1.0568181818181819
tpcds_sf100_t64,Q74,1<2<3<4,1,4,1.0
tpcds_sf100_t64,Q75,1~2~3<4,1,4,1.0
tpcds_sf100_t64,Q76,1~2~3<4,1,4,1.0
tpcds_sf100_t64,Q77,1~2~3~4,1,4,1.0
tpcds_sf100_t64,Q78,2~1~3<4,2,4,1.0118296529968454
tpcds_sf100_t64,Q79,2~3~1~4,2,4,1.0334448160535117
tpcds_sf100_t64,Q80,4<1~2~3,4,3,1.0632911392405062
tpcds_sf100_t64,Q81,1~2~3<4,1,4,1.0
tpcds_sf100_t64,Q82,2~3~4<1,2,1,5.201754385964914
tpcds_sf100_t64,Q83,1~2~3~4,1,4,1.0
tpcds_sf100_t64,Q84,2~3~4<1,2,1,1.119047619047619
tpcds_sf100_t64,Q85,1~2~3<4,1,4,1.0
tpcds_sf100_t64,Q86,1~2~3~4,1,4,1.0
tpcds_sf100_t64,Q87,1~2<3<4,1,4,1.0
tpcds_sf100_t64,Q88,2~3<4<1,2,1,1.1818181818181819
tpcds_sf100_t64,Q89,1~2~3~4,1,4,1.0
tpcds_sf100_t64,Q90,1~2~3~4,1,4,1.0
tpcds_sf100_t64,Q91,1~2~3~4,1,4,1.0
tpcds_sf100_t64,Q92,4<1~2~3,4,3,1.1204819277108435
tpcds_sf100_t64,Q93,2~3~4~1,2,1,1.0464135021097045
tpcds_sf100_t64,Q94,1~2~3~4,1,4,1.0
tpcds_sf100_t64,Q95,4<1~2<3,4,3,2.335227272727273
tpcds_sf100_t64,Q96,3<1~2~4,3,4,1.0806451612903227
tpcds_sf100_t64,Q97,3~1~2~4,3,4,1.0436681222707425
tpcds_sf100_t64,Q98,1~2~3~4,1,4,1.0
tpcds_sf100_t64,Q99,1~2~3<4,1,4,1.0
