hot_frac,mult,scale,case,run,runtime_seconds
0.02,63,40000,1,1,0.553000
0.02,63,40000,1,2,0.547000
0.02,63,40000,1,3,0.552000
0.02,63,40000,1,4,0.551000
0.02,63,40000,1,5,0.555000
0.02,63,40000,2,1,0.555000
0.02,63,40000,2,2,0.562000
0.02,63,40000,2,3,0.577000
0.02,63,40000,2,4,0.556000
0.02,63,40000,2,5,0.577000
0.02,63,40000,3,1,0.496000
0.02,63,40000,3,2,0.490000
0.02,63,40000,3,3,0.477000
0.02,63,40000,3,4,0.507000
0.02,63,40000,3,5,0.480000
0.02,63,40000,4,1,0.560000
0.02,63,40000,4,2,0.562000
0.02,63,40000,4,3,0.557000
0.02,63,40000,4,4,0.553000
0.02,63,40000,4,5,0.553000
0.05,20,40000,1,1,0.608000
0.05,20,40000,1,2,0.603000
0.05,20,40000,1,3,0.602000
0.05,20,40000,1,4,0.609000
0.05,20,40000,1,5,0.621000
0.05,20,40000,2,1,0.611000
0.05,20,40000,2,2,0.622000
0.05,20,40000,2,3,0.613000
0.05,20,40000,2,4,0.613000
0.05,20,40000,2,5,0.624000
0.05,20,40000,3,1,0.523000
0.05,20,40000,3,2,0.520000
0.05,20,40000,3,3,0.512000
0.05,20,40000,3,4,0.538000
0.05,20,40000,3,5,0.512000
0.05,20,40000,4,1,0.609000
0.05,20,40000,4,2,0.612000
0.05,20,40000,4,3,0.630000
0.05,20,40000,4,4,0.621000
0.05,20,40000,4,5,0.636000
0.10,10,40000,1,1,0.645000
0.10,10,40000,1,2,0.647000
0.10,10,40000,1,3,0.657000
0.10,10,40000,1,4,0.655000
0.10,10,40000,1,5,0.654000
0.10,10,40000,2,1,0.644000
0.10,10,40000,2,2,0.651000
0.10,10,40000,2,3,0.658000
0.10,10,40000,2,4,0.641000
0.10,10,40000,2,5,0.645000
0.10,10,40000,3,1,0.586000
0.10,10,40000,3,2,0.581000
0.10,10,40000,3,3,0.564000
0.10,10,40000,3,4,0.566000
0.10,10,40000,3,5,0.570000
0.10,10,40000,4,1,0.648000
0.10,10,40000,4,2,0.657000
0.10,10,40000,4,3,0.658000
0.10,10,40000,4,4,0.654000
0.10,10,40000,4,5,0.651000
0.25,4,40000,1,1,0.642000
0.25,4,40000,1,2,0.639000
0.25,4,40000,1,3,0.645000
0.25,4,40000,1,4,0.671000
0.25,4,40000,1,5,0.689000
0.25,4,40000,2,1,0.641000
0.25,4,40000,2,2,0.644000
0.25,4,40000,2,3,0.646000
0.25,4,40000,2,4,0.655000
0.25,4,40000,2,5,0.653000
0.25,4,40000,3,1,0.761000
0.25,4,40000,3,2,0.754000
0.25,4,40000,3,3,0.756000
0.25,4,40000,3,4,0.763000
0.25,4,40000,3,5,0.815000
0.25,4,40000,4,1,0.652000
0.25,4,40000,4,2,0.656000
0.25,4,40000,4,3,0.651000
0.25,4,40000,4,4,0.681000
0.25,4,40000,4,5,0.679000
0.50,2,40000,1,1,0.632000
0.50,2,40000,1,2,0.635000
0.50,2,40000,1,3,0.638000
0.50,2,40000,1,4,0.642000
0.50,2,40000,1,5,0.641000
0.50,2,40000,2,1,0.641000
0.50,2,40000,2,2,0.643000
0.50,2,40000,2,3,0.640000
0.50,2,40000,2,4,0.653000
0.50,2,40000,2,5,0.648000
0.50,2,40000,3,1,0.898000
0.50,2,40000,3,2,0.897000
0.50,2,40000,3,3,0.894000
0.50,2,40000,3,4,0.880000
0.50,2,40000,3,5,0.913000
0.50,2,40000,4,1,0.639000
0.50,2,40000,4,2,0.634000
0.50,2,40000,4,3,0.640000
0.50,2,40000,4,4,0.637000
0.50,2,40000,4,5,0.639000
1.00,1,40000,1,1,0.551000
1.00,1,40000,1,2,0.592000
1.00,1,40000,1,3,0.563000
1.00,1,40000,1,4,0.555000
1.00,1,40000,1,5,0.556000
1.00,1,40000,2,1,0.551000
1.00,1,40000,2,2,0.550000
1.00,1,40000,2,3,0.549000
1.00,1,40000,2,4,0.552000
1.00,1,40000,2,5,0.588000
1.00,1,40000,3,1,0.830000
1.00,1,40000,3,2,0.824000
1.00,1,40000,3,3,0.829000
1.00,1,40000,3,4,0.834000
1.00,1,40000,3,5,0.818000
1.00,1,40000,4,1,0.554000
1.00,1,40000,4,2,0.559000
1.00,1,40000,4,3,0.558000
1.00,1,40000,4,4,0.562000
1.00,1,40000,4,5,0.557000
0.02,63,160000,1,1,2.878000
0.02,63,160000,1,2,2.920000
0.02,63,160000,1,3,2.997000
0.02,63,160000,1,4,2.902000
0.02,63,160000,1,5,2.892000
0.02,63,160000,2,1,2.795000
0.02,63,160000,2,2,2.824000
0.02,63,160000,2,3,2.824000
0.02,63,160000,2,4,2.833000
0.02,63,160000,2,5,2.856000
0.02,63,160000,3,1,2.100000
0.02,63,160000,3,2,2.101000
0.02,63,160000,3,3,2.087000
0.02,63,160000,3,4,2.133000
0.02,63,160000,3,5,2.162000
0.02,63,160000,4,1,2.809000
0.02,63,160000,4,2,2.837000
0.02,63,160000,4,3,2.857000
0.02,63,160000,4,4,2.839000
0.02,63,160000,4,5,2.858000
0.10,10,160000,1,1,3.010000
0.10,10,160000,1,2,3.013000
0.10,10,160000,1,3,3.006000
0.10,10,160000,1,4,3.035000
0.10,10,160000,1,5,3.019000
0.10,10,160000,2,1,2.941000
0.10,10,160000,2,2,2.942000
0.10,10,160000,2,3,2.947000
0.10,10,160000,2,4,2.973000
0.10,10,160000,2,5,3.062000
0.10,10,160000,3,1,3.304000
0.10,10,160000,3,2,3.283000
0.10,10,160000,3,3,3.287000
0.10,10,160000,3,4,3.286000
0.10,10,160000,3,5,3.304000
0.10,10,160000,4,1,2.958000
0.10,10,160000,4,2,2.966000
0.10,10,160000,4,3,2.967000
0.10,10,160000,4,4,2.900000
0.10,10,160000,4,5,2.887000
